{
	"gender":[
		{
			"gender":"male",
			"characters":[
				"Agent",
				"Agent Repairman",
				"Benny Hammond",
				"Dr. Martin Brenner",
				"Dustin Henderson",
				"Earl",
				"Elevator Scientist",
				"English Teacher",
				"Funeral Director",
				"Gary",
				"Greg McCorkle",
				"Grocery Store Manager",
				"Ground Controller",
				"Hawkins Head of Security",
				"Hunting Store Owner",
				"James",
				"Jim Hopper",
				"Jonathan Byers",
				"Lead Agent",
				"Lonnie Byers",
				"Lucas Sinclair",
				"M.P. Officer Patrick",
				"Mike Wheeler",
				"Morgue Worker",
				"Movie Theatre Manager",
				"Mr. Clarke",
				"Mr. Henderson",
				"Mr. Melvald",
				"Mr. Sinclair",
				"Officer Callahan",
				"Officer Powell",
				"Pastor Charles",
				"Principal Coleman",
				"Reed",
				"Russian Man",
				"Scientist",
				"State Trooper",
				"State Trooper O'Bannon",
				"Steve Harrington",
				"Technician",
				"Ted Wheeler",
				"Test Pilot Shepard",
				"Test Subject",
				"The Monster",
				"Tommy H.",
				"Troy",
				"Will Byers"
			]
		},
		{
			"gender":"female",
			"characters":[
				"Agent Connie Frazier",
				"Ally",
				"Barbara Holland",
				"Becky Ives",
				"Carol",
				"Claudia Henderson",
				"Cynthia",
				"Cynthia Hopper",
				"Eleven",
				"Erica Sinclair",
				"Female Clerk",
				"Florence",
				"High School Principal",
				"Holly Wheeler",
				"Jen",
				"Jennifer Hayes",
				"Joyce Byers",
				"Karen Wheeler",
				"Marissa",
				"Marsha Holland",
				"Mary Mack Girl #1",
				"Mary Mack Girl #2",
				"Mrs. Sinclair",
				"Nancy Wheeler",
				"Nicole",
				"Patty",
				"Sandra",
				"Sara Hopper",
				"Terry Ives",
				"Troy's Mom"
			]
		}
	]
}