{
   "characters": [
      {
         "characterName": "80's Townfolk",
         "credited": false,
         "actorName": "Rio Montana-Grey Donnally",
         "actorLink": "/name/nm7128988/"
      },
      {
         "characterName": "Adams",
         "actorName": "Alan Boell",
         "actorLink": "/name/nm5927797/",
         "characterImageThumb": "https://ia.media-imdb.com/images/M/MV5BZWVlMDg4OGEtMmMxOS00MmE2LWE5ZTktNGU1ZDViOTQyMjY2XkEyXkFqcGdeQXVyNTA1Mjk0MTg@._V1._SX100_SY140_.jpg",
         "characterImageFull": "https://ia.media-imdb.com/images/M/MV5BZWVlMDg4OGEtMmMxOS00MmE2LWE5ZTktNGU1ZDViOTQyMjY2XkEyXkFqcGdeQXVyNTA1Mjk0MTg@._V1.jpg"
      },
      {
         "characterName": "Agent",
         "actorName": "Anthony Reynolds",
         "actorLink": "/name/nm0721593/",
         "characterImageThumb": "https://ia.media-imdb.com/images/M/MV5BNzEzN2VmNjQtMmQ2Mi00Y2NiLTk1NDctZWNjMzhmMTVjNTExXkEyXkFqcGdeQXVyMjMwMDU0MA@@._V1._SX100_SY140_.jpg",
         "characterImageFull": "https://ia.media-imdb.com/images/M/MV5BNzEzN2VmNjQtMmQ2Mi00Y2NiLTk1NDctZWNjMzhmMTVjNTExXkEyXkFqcGdeQXVyMjMwMDU0MA@@._V1.jpg"
      },
      {
         "characterName": "Agent",
         "credited": false,
         "actorName": "Rory Healy",
         "actorLink": "/name/nm6715275/",
         "characterImageThumb": "https://ia.media-imdb.com/images/M/MV5BMTU2MDA2MzU5Nl5BMl5BanBnXkFtZTgwMzY1ODc1ODE@._V1._SX100_SY140_.jpg",
         "characterImageFull": "https://ia.media-imdb.com/images/M/MV5BMTU2MDA2MzU5Nl5BMl5BanBnXkFtZTgwMzY1ODc1ODE@._V1.jpg"
      },
      {
         "characterName": "Agent",
         "characterNameAlt": [
            "Special Agent"
         ],
         "credited": false,
         "actorName": "Stephen M. LaBar Jr.",
         "actorLink": "/name/nm7897114/",
         "characterImageThumb": "https://ia.media-imdb.com/images/M/MV5BMTY0NjkzMjEyMV5BMl5BanBnXkFtZTgwOTc4MTQ1ODE@._V1._SX100_SY140_.jpg",
         "characterImageFull": "https://ia.media-imdb.com/images/M/MV5BMTY0NjkzMjEyMV5BMl5BanBnXkFtZTgwOTc4MTQ1ODE@._V1.jpg"
      },
      {
         "characterName": "Agent #2",
         "credited": false,
         "actorName": "Stephen Conroy",
         "actorLink": "/name/nm4806678/",
         "characterImageThumb": "https://ia.media-imdb.com/images/M/MV5BNjcxMTU5Njk0M15BMl5BanBnXkFtZTgwMzI0MTQzODE@._V1._SX100_SY140_.jpg",
         "characterImageFull": "https://ia.media-imdb.com/images/M/MV5BNjcxMTU5Njk0M15BMl5BanBnXkFtZTgwMzI0MTQzODE@._V1.jpg"
      },
      {
         "characterName": "Agent #3",
         "credited": false,
         "actorName": "Gordon Dillard Jr.",
         "actorLink": "/name/nm5271848/",
         "characterImageThumb": "https://ia.media-imdb.com/images/M/MV5BMDAyYzg1ZGUtZWU2ZS00Yzc0LTlhOGUtZGQxZmE2M2QzZTdkXkEyXkFqcGdeQXVyMjQwMDg0Ng@@._V1._SX100_SY140_.jpg",
         "characterImageFull": "https://ia.media-imdb.com/images/M/MV5BMDAyYzg1ZGUtZWU2ZS00Yzc0LTlhOGUtZGQxZmE2M2QzZTdkXkEyXkFqcGdeQXVyMjQwMDg0Ng@@._V1.jpg"
      },
      {
         "characterName": "Agent Connie Frazier",
         "actorName": "Catherine Dyer",
         "actorLink": "/name/nm0245696/",
         "characterImageThumb": "https://ia.media-imdb.com/images/M/MV5BMDlhZmExMDEtN2E1YS00M2VkLTg2MjktMDA2YjAwYjg2NjNiL2ltYWdlXkEyXkFqcGdeQXVyMTY2MDM5NjQ@._V1._SX100_SY140_.jpg",
         "characterImageFull": "https://ia.media-imdb.com/images/M/MV5BMDlhZmExMDEtN2E1YS00M2VkLTg2MjktMDA2YjAwYjg2NjNiL2ltYWdlXkEyXkFqcGdeQXVyMTY2MDM5NjQ@._V1.jpg"
      },
      {
         "characterName": "Agent Repairman",
         "actorName": "Robert Walker Branchaud",
         "actorLink": "/name/nm5580827/",
         "characterImageThumb": "https://ia.media-imdb.com/images/M/MV5BNWFmZGM1NzYtMGFlZi00ZjhhLTljMWEtOTgyYTM1NGY0NWZjXkEyXkFqcGdeQXVyMjQwMDg0Ng@@._V1._SX100_SY140_.jpg",
         "characterImageFull": "https://ia.media-imdb.com/images/M/MV5BNWFmZGM1NzYtMGFlZi00ZjhhLTljMWEtOTgyYTM1NGY0NWZjXkEyXkFqcGdeQXVyMjQwMDg0Ng@@._V1.jpg"
      },
      {
         "characterName": "Ally",
         "actorName": "Sierra Vemeyer",
         "actorLink": "/name/nm4910130/"
      },
      {
         "characterName": "Arcade Attendant",
         "credited": false,
         "actorName": "William Mahnken",
         "actorLink": "/name/nm3963499/",
         "characterImageThumb": "https://ia.media-imdb.com/images/M/MV5BMjFlMzhkM2UtNjJiYS00OTMxLTlhODctNTYyNGIyZGJjZTY0XkEyXkFqcGdeQXVyMzMwMjg0Mzc@._V1._SX100_SY140_.jpg",
         "characterImageFull": "https://ia.media-imdb.com/images/M/MV5BMjFlMzhkM2UtNjJiYS00OTMxLTlhODctNTYyNGIyZGJjZTY0XkEyXkFqcGdeQXVyMzMwMjg0Mzc@._V1.jpg"
      },
      {
         "characterName": "Arcade Gamer",
         "characterNameAlt": [
            "Middle School Student",
            "Middle School Arcade Gamer"
         ],
         "credited": false,
         "actorName": "Melissa Collazo",
         "actorLink": "/name/nm7148362/",
         "characterImageThumb": "https://ia.media-imdb.com/images/M/MV5BY2Q4YTljZDEtYTg4OC00MzgwLTljYjctYzNjNmY3NDRiZjRjXkEyXkFqcGdeQXVyNTg4NDQ5NTQ@._V1._SX100_SY140_.jpg",
         "characterImageFull": "https://ia.media-imdb.com/images/M/MV5BY2Q4YTljZDEtYTg4OC00MzgwLTljYjctYzNjNmY3NDRiZjRjXkEyXkFqcGdeQXVyNTg4NDQ5NTQ@._V1.jpg"
      },
      {
         "characterName": "Axel",
         "characterLink": "/title/tt4574334/characters/nm2566469",
         "actorName": "James Landry Hébert",
         "actorLink": "/name/nm2566469/",
         "characterImageThumb": "https://ia.media-imdb.com/images/M/MV5BMTMxMTY1MTMzM15BMl5BanBnXkFtZTcwMzk3NTU1NQ@@._V1._SX100_SY140_.jpg",
         "characterImageFull": "https://ia.media-imdb.com/images/M/MV5BMTMxMTY1MTMzM15BMl5BanBnXkFtZTcwMzk3NTU1NQ@@._V1.jpg"
      },
      {
         "characterName": "Barbara Holland",
         "characterNameAlt": [
            "Barb Holland"
         ],
         "nickname": "Barb",
         "characterLink": "/title/tt4574334/characters/nm7684864",
         "actorName": "Shannon Purser",
         "actorLink": "/name/nm7684864/",
         "characterImageThumb": "https://ia.media-imdb.com/images/M/MV5BMTU3NDIwNjUzMV5BMl5BanBnXkFtZTgwMjExMDYyMDI@._V1._SX100_SY140_.jpg",
         "characterImageFull": "https://ia.media-imdb.com/images/M/MV5BMTU3NDIwNjUzMV5BMl5BanBnXkFtZTgwMjExMDYyMDI@._V1.jpg",
         "parents": [
            "Marsha Holland",
            "Mr. Holland"
         ],
         "killedBy": [
            "The Monster"
         ]
      },
      {
         "characterName": "Basketball Player",
         "credited": false,
         "actorName": "Blake Sewell",
         "actorLink": "/name/nm6702243/",
         "characterImageThumb": "https://ia.media-imdb.com/images/M/MV5BMWVlM2NiYTYtYTY0ZC00NDAxLTg5NTEtNDJhYTMwY2FhODg3L2ltYWdlXkEyXkFqcGdeQXVyNTU5MzE3MDA@._V1._SX100_SY140_.jpg",
         "characterImageFull": "https://ia.media-imdb.com/images/M/MV5BMWVlM2NiYTYtYTY0ZC00NDAxLTg5NTEtNDJhYTMwY2FhODg3L2ltYWdlXkEyXkFqcGdeQXVyNTU5MzE3MDA@._V1.jpg"
      },
      {
         "characterName": "Becky Ives",
         "characterLink": "/title/tt4574334/characters/nm1541272",
         "actorName": "Amy Seimetz",
         "actorLink": "/name/nm1541272/",
         "characterImageThumb": "https://ia.media-imdb.com/images/M/MV5BMTcxNzQyNTkyOV5BMl5BanBnXkFtZTgwMTcwMTEyMDE@._V1._SX100_SY140_.jpg",
         "characterImageFull": "https://ia.media-imdb.com/images/M/MV5BMTcxNzQyNTkyOV5BMl5BanBnXkFtZTgwMTcwMTEyMDE@._V1.jpg",
         "siblings": [
            "Terry Ives"
         ]
      },
      {
         "characterName": "Benny Hammond",
         "actorName": "Chris Sullivan",
         "actorLink": "/name/nm2884388/",
         "characterImageThumb": "https://ia.media-imdb.com/images/M/MV5BOTQ0Mzc3OTU2Ml5BMl5BanBnXkFtZTgwMTc3ODE1ODE@._V1._SX100_SY140_.jpg",
         "characterImageFull": "https://ia.media-imdb.com/images/M/MV5BOTQ0Mzc3OTU2Ml5BMl5BanBnXkFtZTgwMTc3ODE1ODE@._V1.jpg"
      },
      {
         "characterName": "Billy Hargrove",
         "characterLink": "/title/tt4574334/characters/nm4223882",
         "actorName": "Dacre Montgomery",
         "actorLink": "/name/nm4223882/",
         "characterImageThumb": "https://ia.media-imdb.com/images/M/MV5BZTM4ODlhMTEtMmEyNy00M2RhLWE3MDQtY2RhMGVmNjllM2VjXkEyXkFqcGdeQXVyMjQ0NDA5NDM@._V1._SX100_SY140_.jpg",
         "characterImageFull": "https://ia.media-imdb.com/images/M/MV5BZTM4ODlhMTEtMmEyNy00M2RhLWE3MDQtY2RhMGVmNjllM2VjXkEyXkFqcGdeQXVyMjQ0NDA5NDM@._V1.jpg",
         "siblings": [
            "Max Mayfield"
         ],
         "parents": [
            "Susan Hargrove",
            "Neil Hargrove"
         ]
      },
      {
         "characterName": "Bob Newby",
         "characterLink": "/title/tt4574334/characters/nm0000276",
         "actorName": "Sean Astin",
         "actorLink": "/name/nm0000276/",
         "characterImageThumb": "https://ia.media-imdb.com/images/M/MV5BMjEzMjczOTQ1NF5BMl5BanBnXkFtZTcwMzI2NzYyMQ@@._V1._SX100_SY140_.jpg",
         "characterImageFull": "https://ia.media-imdb.com/images/M/MV5BMjEzMjczOTQ1NF5BMl5BanBnXkFtZTcwMzI2NzYyMQ@@._V1.jpg",
         "killedBy": [
            "Demodogs"
         ]
      },
      {
         "characterName": "Cafeteria Worker",
         "credited": false,
         "actorName": "Judy McGee Burley",
         "actorLink": "/name/nm6649648/",
         "characterImageThumb": "https://ia.media-imdb.com/images/M/MV5BMmMwY2E4NzgtZDIwZS00Y2I2LTgxYWUtNDA3MzliYzIwMWI3XkEyXkFqcGdeQXVyMjQwMDg0Ng@@._V1._SX100_SY140_.jpg",
         "characterImageFull": "https://ia.media-imdb.com/images/M/MV5BMmMwY2E4NzgtZDIwZS00Y2I2LTgxYWUtNDA3MzliYzIwMWI3XkEyXkFqcGdeQXVyMjQwMDg0Ng@@._V1.jpg"
      },
      {
         "characterName": "Carol",
         "characterLink": "/title/tt4574334/characters/nm3571720",
         "actorName": "Chelsea Talmadge",
         "actorLink": "/name/nm3571720/",
         "characterImageThumb": "https://ia.media-imdb.com/images/M/MV5BMTA0NDUwMDczMjBeQTJeQWpwZ15BbWU4MDc4NzE1MTAy._V1._SX100_SY140_.jpg",
         "characterImageFull": "https://ia.media-imdb.com/images/M/MV5BMTA0NDUwMDczMjBeQTJeQWpwZ15BbWU4MDc4NzE1MTAy._V1.jpg"
      },
      {
         "characterName": "Chaperone",
         "characterNameAlt": [
            "Teacher",
            "Pedestrian"
         ],
         "credited": false,
         "actorName": "Erin Bradley Dangar",
         "actorLink": "/name/nm8734180/",
         "characterImageThumb": "https://ia.media-imdb.com/images/M/MV5BZGYyMjAxMTMtYTNjMi00OWRlLTg5ZGUtMTlmOTg3YzQ4NTAzXkEyXkFqcGdeQXVyNzE5MDk3MjQ@._V1._SX100_SY140_.jpg",
         "characterImageFull": "https://ia.media-imdb.com/images/M/MV5BZGYyMjAxMTMtYTNjMi00OWRlLTg5ZGUtMTlmOTg3YzQ4NTAzXkEyXkFqcGdeQXVyNzE5MDk3MjQ@._V1.jpg"
      },
      {
         "characterName": "Chicago PD Officer Provazoli",
         "credited": false,
         "actorName": "John Kaler",
         "actorLink": "/name/nm8309549/",
         "characterImageThumb": "https://ia.media-imdb.com/images/M/MV5BMTgwNDc4NzM3MF5BMl5BanBnXkFtZTgwMDQ1NTI1OTE@._V1._SX100_SY140_.jpg",
         "characterImageFull": "https://ia.media-imdb.com/images/M/MV5BMTgwNDc4NzM3MF5BMl5BanBnXkFtZTgwMDQ1NTI1OTE@._V1.jpg"
      },
      {
         "characterName": "Claudia Henderson",
         "characterNameAlt": [
            "Mrs. Henderson"
         ],
         "actors": [
            {
               "characterLink": "/title/tt4574334/characters/nm0193160",
               "actorName": "Catherine Curtin",
               "actorLink": "/name/nm0193160/",
               "characterImageThumb": "https://ia.media-imdb.com/images/M/MV5BNmE5NDEyYTYtMWQyZi00MzFjLTkyOWQtMDE2YTU0ZDAyZGViXkEyXkFqcGdeQXVyMTQ0ODQ3OTA@._V1._SX100_SY140_.jpg",
               "characterImageFull": "https://ia.media-imdb.com/images/M/MV5BNmE5NDEyYTYtMWQyZi00MzFjLTkyOWQtMDE2YTU0ZDAyZGViXkEyXkFqcGdeQXVyMTQ0ODQ3OTA@._V1.jpg",
               "seasonsActive": [
                  2
               ]
            },
            {
               "credited": false,
               "actorName": "Tabitha Kilgore",
               "actorLink": "/name/nm4232297/",
               "characterImageThumb": "https://ia.media-imdb.com/images/M/MV5BNDBlOWU1YWYtZDIyMy00NGZlLTgwMzctMGU2NjFjNzlhNDQ0L2ltYWdlXkEyXkFqcGdeQXVyMjM0OTUwMTg@._V1._SX100_SY140_.jpg",
               "characterImageFull": "https://ia.media-imdb.com/images/M/MV5BNDBlOWU1YWYtZDIyMy00NGZlLTgwMzctMGU2NjFjNzlhNDQ0L2ltYWdlXkEyXkFqcGdeQXVyMjM0OTUwMTg@._V1.jpg",
               "seasonsActive": [
                  1
               ]
            }
         ],
         "parentOf":[
            "Dustin Henderson"
         ],
         "marriedEngaged":[
            "Mr. Henderson"
         ]
      },
      {
         "characterName": "Cop #1",
         "actorName": "Brian F. Durkin",
         "actorLink": "/name/nm1501128/",
         "characterImageThumb": "https://ia.media-imdb.com/images/M/MV5BMTU3OTkzNzA5Nl5BMl5BanBnXkFtZTgwNjk3MTU0MDI@._V1._SX100_SY140_.jpg",
         "characterImageFull": "https://ia.media-imdb.com/images/M/MV5BMTU3OTkzNzA5Nl5BMl5BanBnXkFtZTgwNjk3MTU0MDI@._V1.jpg"
      },
      {
         "characterName": "Cop #2",
         "actorName": "Christopher Johnson",
         "actorLink": "/name/nm5845178/",
         "characterImageThumb": "https://ia.media-imdb.com/images/M/MV5BMTU1MzgyODg2OF5BMl5BanBnXkFtZTgwNzM2ODE4OTE@._V1._SX100_SY140_.jpg",
         "characterImageFull": "https://ia.media-imdb.com/images/M/MV5BMTU1MzgyODg2OF5BMl5BanBnXkFtZTgwNzM2ODE4OTE@._V1.jpg"
      },
      {
         "characterName": "Cop #4",
         "actorName": "Gilbert Glenn Brown",
         "actorLink": "/name/nm0113640/",
         "characterImageThumb": "https://ia.media-imdb.com/images/M/MV5BOGI3MzlmYzUtNWUwMi00NTAxLTkzNDktMjg3ZDk0YzJhZmVkXkEyXkFqcGdeQXVyMjQwMDg0Ng@@._V1._SX100_SY140_.jpg",
         "characterImageFull": "https://ia.media-imdb.com/images/M/MV5BOGI3MzlmYzUtNWUwMi00NTAxLTkzNDktMjg3ZDk0YzJhZmVkXkEyXkFqcGdeQXVyMjQwMDg0Ng@@._V1.jpg"
      },
      {
         "characterName": "Cute Girl",
         "actorName": "Marcelle LeBlanc",
         "actorLink": "/name/nm7711411/",
         "characterImageThumb": "https://ia.media-imdb.com/images/M/MV5BMWM5MjQ2YzEtMTNiMC00ZTUyLTkxNmEtMzFmZTQxZmQyNTFmXkEyXkFqcGdeQXVyNjM2MjcyOTA@._V1._SX100_SY140_.jpg",
         "characterImageFull": "https://ia.media-imdb.com/images/M/MV5BMWM5MjQ2YzEtMTNiMC00ZTUyLTkxNmEtMzFmZTQxZmQyNTFmXkEyXkFqcGdeQXVyNjM2MjcyOTA@._V1.jpg"
      },
      {
         "characterName": "Cynthia",
         "actorName": "Stefanie Butler",
         "actorLink": "/name/nm2409723/",
         "characterImageThumb": "https://ia.media-imdb.com/images/M/MV5BOTYzN2IyNWYtZjJiZi00OWZiLTgwYTAtMzYwY2Q4MWViNzcyXkEyXkFqcGdeQXVyMTMwNDczNzI@._V1._SX100_SY140_.jpg",
         "characterImageFull": "https://ia.media-imdb.com/images/M/MV5BOTYzN2IyNWYtZjJiZi00OWZiLTgwYTAtMzYwY2Q4MWViNzcyXkEyXkFqcGdeQXVyMTMwNDczNzI@._V1.jpg"
      },
      {
         "characterName": "D'Artagnan",
         "nickname": "Dart"
      },
      {
         "characterName": "Diane Hopper",
         "actorName": "Jerri Tubbs",
         "actorLink": "/name/nm2424977/",
         "characterImageThumb": "https://ia.media-imdb.com/images/M/MV5BMjEyNTQ1NDg2NF5BMl5BanBnXkFtZTgwMDc3MDQyMDI@._V1._SX100_SY140_.jpg",
         "characterImageFull": "https://ia.media-imdb.com/images/M/MV5BMjEyNTQ1NDg2NF5BMl5BanBnXkFtZTgwMDc3MDQyMDI@._V1.jpg",
         "parentOf": [
            "Sara Hopper"
         ],
         "marriedEngaged": [
            "Jim Hopper"
         ]
      },
      {
         "characterName": "Doctor",
         "credited": false,
         "actorName": "Robert Hatch",
         "actorLink": "/name/nm1585355/",
         "characterImageThumb": "https://ia.media-imdb.com/images/M/MV5BZDU0NmNlMjItYTA0ZS00ZjcxLTk0ZmYtNzhlODRkNTZiMGNjXkEyXkFqcGdeQXVyMzI0NzY5MA@@._V1._SX100_SY140_.jpg",
         "characterImageFull": "https://ia.media-imdb.com/images/M/MV5BZDU0NmNlMjItYTA0ZS00ZjcxLTk0ZmYtNzhlODRkNTZiMGNjXkEyXkFqcGdeQXVyMzI0NzY5MA@@._V1.jpg"
      },
      {
         "characterName": "Doctor #1",
         "actorName": "Vince Pisani",
         "actorLink": "/name/nm2079627/",
         "characterImageThumb": "https://ia.media-imdb.com/images/M/MV5BNTIwOTAzNjA0Nl5BMl5BanBnXkFtZTgwMjA3ODU4MDE@._V1._SX100_SY140_.jpg",
         "characterImageFull": "https://ia.media-imdb.com/images/M/MV5BNTIwOTAzNjA0Nl5BMl5BanBnXkFtZTgwMjA3ODU4MDE@._V1.jpg"
      },
      {
         "characterName": "Doctor #2",
         "actorName": "Brian Lafontaine",
         "actorLink": "/name/nm0480961/",
         "characterImageThumb": "https://ia.media-imdb.com/images/M/MV5BNjUxNjAwMTg2OF5BMl5BanBnXkFtZTgwMTYwMTg4ODE@._V1._SX100_SY140_.jpg",
         "characterImageFull": "https://ia.media-imdb.com/images/M/MV5BNjUxNjAwMTg2OF5BMl5BanBnXkFtZTgwMTYwMTg4ODE@._V1.jpg"
      },
      {
         "characterName": "Doris (MS Receptionist)",
         "actorName": "Suzanne Jordan Roush",
         "actorLink": "/name/nm9202427/"
      },
      {
         "characterName": "Dottie",
         "characterLink": "/title/tt4574334/characters/nm4305257",
         "actorName": "Anna Jacoby-Heron",
         "actorLink": "/name/nm4305257/",
         "characterImageThumb": "https://ia.media-imdb.com/images/M/MV5BMjI0NjI0ODczOV5BMl5BanBnXkFtZTcwNDE2MzkwNw@@._V1._SX100_SY140_.jpg",
         "characterImageFull": "https://ia.media-imdb.com/images/M/MV5BMjI0NjI0ODczOV5BMl5BanBnXkFtZTcwNDE2MzkwNw@@._V1.jpg"
      },
      {
         "characterName": "Dr. Martin Brenner",
         "nickname": "Papa",
         "characterLink": "/title/tt4574334/characters/nm0000546",
         "actorName": "Matthew Modine",
         "actorLink": "/name/nm0000546/",
         "characterImageThumb": "https://ia.media-imdb.com/images/M/MV5BMTU3MzQyOTM5MF5BMl5BanBnXkFtZTgwNDg2Njk2OTE@._V1._SX100_SY140_.jpg",
         "characterImageFull": "https://ia.media-imdb.com/images/M/MV5BMTU3MzQyOTM5MF5BMl5BanBnXkFtZTgwNDg2Njk2OTE@._V1.jpg",
         "parentOf": [
            "Eleven"
         ]
      },
      {
         "characterName": "Dr. Owens' Assistant",
         "actorName": "Lauren Halperin",
         "actorLink": "/name/nm2160814/",
         "characterImageThumb": "https://ia.media-imdb.com/images/M/MV5BMjA3MjYxNzExNF5BMl5BanBnXkFtZTgwNDkyNzI0MDI@._V1._SX100_SY140_.jpg",
         "characterImageFull": "https://ia.media-imdb.com/images/M/MV5BMjA3MjYxNzExNF5BMl5BanBnXkFtZTgwNDkyNzI0MDI@._V1.jpg"
      },
      {
         "characterName": "Dr. Sam Owens",
         "characterLink": "/title/tt4574334/characters/nm0001663",
         "actorName": "Paul Reiser",
         "actorLink": "/name/nm0001663/",
         "characterImageThumb": "https://ia.media-imdb.com/images/M/MV5BMTQ1MjUwMjI4M15BMl5BanBnXkFtZTcwNzc0NTg3NA@@._V1._SX100_SY140_.jpg",
         "characterImageFull": "https://ia.media-imdb.com/images/M/MV5BMTQ1MjUwMjI4M15BMl5BanBnXkFtZTcwNzc0NTg3NA@@._V1.jpg"
      },
      {
         "characterName": "Drunk Teen #1",
         "actorName": "Cody Pressley",
         "actorLink": "/name/nm6790963/",
         "characterImageThumb": "https://ia.media-imdb.com/images/M/MV5BYWEwMjRjNTItYjNjYS00NGE5LWE4MDgtYzk2MDUzZmM5ZWNjXkEyXkFqcGdeQXVyMjQwMDg0Ng@@._V1._SX100_SY140_.jpg",
         "characterImageFull": "https://ia.media-imdb.com/images/M/MV5BYWEwMjRjNTItYjNjYS00NGE5LWE4MDgtYzk2MDUzZmM5ZWNjXkEyXkFqcGdeQXVyMjQwMDg0Ng@@._V1.jpg"
      },
      {
         "characterName": "Dustin Henderson",
         "characterLink": "/title/tt4574334/characters/nm7140802",
         "actorName": "Gaten Matarazzo",
         "actorLink": "/name/nm7140802/",
         "characterImageThumb": "https://ia.media-imdb.com/images/M/MV5BNTkyNDIyMzQ5OF5BMl5BanBnXkFtZTgwNDUwMDM2NDM@._V1._SX100_SY140_.jpg",
         "characterImageFull": "https://ia.media-imdb.com/images/M/MV5BNTkyNDIyMzQ5OF5BMl5BanBnXkFtZTgwNDUwMDM2NDM@._V1.jpg",
         "parents": [
            "Claudia Henderson",
            "Mr. Henderson"
         ]
      },
      {
         "characterName": "Earl",
         "actorName": "David Dwyer",
         "actorLink": "/name/nm0245486/"
      },
      {
         "characterName": "Elderly Math Teacher",
         "actorName": "Donna Wright",
         "actorLink": "/name/nm1392351/",
         "characterImageThumb": "https://ia.media-imdb.com/images/M/MV5BZmY4ODlmNDYtNTUxYi00YmRlLThiNTMtYmU2YTI3YjVhYmVjXkEyXkFqcGdeQXVyMjQ5ODI3Njc@._V1._SX100_SY140_.jpg",
         "characterImageFull": "https://ia.media-imdb.com/images/M/MV5BZmY4ODlmNDYtNTUxYi00YmRlLThiNTMtYmU2YTI3YjVhYmVjXkEyXkFqcGdeQXVyMjQ5ODI3Njc@._V1.jpg"
      },
      {
         "characterName": "Elderly Woman",
         "actorName": "Avis-Marie Barnes",
         "actorLink": "/name/nm0055499/",
         "characterImageThumb": "https://ia.media-imdb.com/images/M/MV5BN2ZhYTdiNjUtOGMwOS00MWQxLTg3MDYtODA5YzdmNTNjZDBiXkEyXkFqcGdeQXVyMDYxMTAzOQ@@._V1._SX100_SY140_.jpg",
         "characterImageFull": "https://ia.media-imdb.com/images/M/MV5BN2ZhYTdiNjUtOGMwOS00MWQxLTg3MDYtODA5YzdmNTNjZDBiXkEyXkFqcGdeQXVyMDYxMTAzOQ@@._V1.jpg"
      },
      {
         "characterName": "Elevator Scientist",
         "actorName": "Andrew Benator",
         "actorLink": "/name/nm0070235/",
         "characterImageThumb": "https://ia.media-imdb.com/images/M/MV5BMjIwODE2MTM3Nl5BMl5BanBnXkFtZTgwMjY2OTgxMTE@._V1._SX100_SY140_.jpg",
         "characterImageFull": "https://ia.media-imdb.com/images/M/MV5BMjIwODE2MTM3Nl5BMl5BanBnXkFtZTgwMjY2OTgxMTE@._V1.jpg"
      },
      {
         "characterName": "Eleven",
         "characterNameAlt": [
            "Jane"
         ],
         "nickname": "El",
         "characterLink": "/title/tt4574334/characters/nm5611121",
         "actorName": "Millie Bobby Brown",
         "actorLink": "/name/nm5611121/",
         "characterImageThumb": "https://ia.media-imdb.com/images/M/MV5BMzA3Nzk3MTUwOV5BMl5BanBnXkFtZTgwNDAyNzAzMDI@._V1._SX100_SY140_.jpg",
         "characterImageFull": "https://ia.media-imdb.com/images/M/MV5BMzA3Nzk3MTUwOV5BMl5BanBnXkFtZTgwNDAyNzAzMDI@._V1.jpg",
         "parents": [
            "Dr. Martin Brenner",
            "Terry Ives"
         ],
         "killed": [
            "The Monster"
         ]
      },
      {
         "characterName": "English Teacher",
         "actorName": "Danny Boushebel",
         "actorLink": "/name/nm2813464/",
         "characterImageThumb": "https://ia.media-imdb.com/images/M/MV5BNzkyZDdmMmMtYWFmMi00ZDM1LWIwMzMtYjhkY2FjNjg0NTM2XkEyXkFqcGdeQXVyMTczNTkyODI@._V1._SX100_SY140_.jpg",
         "characterImageFull": "https://ia.media-imdb.com/images/M/MV5BNzkyZDdmMmMtYWFmMi00ZDM1LWIwMzMtYjhkY2FjNjg0NTM2XkEyXkFqcGdeQXVyMTczNTkyODI@._V1.jpg"
      },
      {
         "characterName": "ER Doctor",
         "actorName": "Mary Kraft",
         "actorLink": "/name/nm1428867/",
         "characterImageThumb": "https://ia.media-imdb.com/images/M/MV5BMjIzOTMzNTU1MF5BMl5BanBnXkFtZTgwMTA5OTc0MjE@._V1._SX100_SY140_.jpg",
         "characterImageFull": "https://ia.media-imdb.com/images/M/MV5BMjIzOTMzNTU1MF5BMl5BanBnXkFtZTgwMTA5OTc0MjE@._V1.jpg"
      },
      {
         "characterName": "Erica Sinclair",
         "characterLink": "/title/tt4574334/characters/nm7394207",
         "actorName": "Priah Ferguson",
         "actorLink": "/name/nm7394207/",
         "characterImageThumb": "https://ia.media-imdb.com/images/M/MV5BNmJkMmI0YTktZDRjNC00ZDU3LTljOTktNzExNzNlNTNkODQ0XkEyXkFqcGdeQXVyNjMzNjM4MDA@._V1._SX100_SY140_.jpg",
         "characterImageFull": "https://ia.media-imdb.com/images/M/MV5BNmJkMmI0YTktZDRjNC00ZDU3LTljOTktNzExNzNlNTNkODQ0XkEyXkFqcGdeQXVyNjMzNjM4MDA@._V1.jpg",
         "siblings": [
            "Lucas Sinclair"
         ],
         "parents": [
            "Mrs. Sinclair",
            "Mr. Sinclair"
         ]
      },
      {
         "characterName": "Eugene",
         "characterLink": "/title/tt4574334/characters/nm5818222",
         "actorName": "Al Mitchell",
         "actorLink": "/name/nm5818222/",
         "characterImageThumb": "https://ia.media-imdb.com/images/M/MV5BMTQ1NTgzMzQ3OV5BMl5BanBnXkFtZTgwMzkxMTU4MTE@._V1._SX100_SY140_.jpg",
         "characterImageFull": "https://ia.media-imdb.com/images/M/MV5BMTQ1NTgzMzQ3OV5BMl5BanBnXkFtZTgwMzkxMTU4MTE@._V1.jpg"
      },
      {
         "characterName": "Exam Room Nurse",
         "actorName": "Sheena Kharazmi",
         "actorLink": "/name/nm6217849/",
         "characterImageThumb": "https://ia.media-imdb.com/images/M/MV5BMDU0YmM1OGMtNDQ4Ny00MmQ4LWE4NjUtYTMxNTRhYWJmMmE1XkEyXkFqcGdeQXVyNTExNTc4MjY@._V1._SX100_SY140_.jpg",
         "characterImageFull": "https://ia.media-imdb.com/images/M/MV5BMDU0YmM1OGMtNDQ4Ny00MmQ4LWE4NjUtYTMxNTRhYWJmMmE1XkEyXkFqcGdeQXVyNTExNTc4MjY@._V1.jpg"
      },
      {
         "characterName": "Female Clerk",
         "actorName": "Linda Kang",
         "actorLink": "/name/nm2524513/",
         "characterImageThumb": "https://ia.media-imdb.com/images/M/MV5BMjA3Njc3NTEwM15BMl5BanBnXkFtZTgwNzU0MTQ0MjE@._V1._SX100_SY140_.jpg",
         "characterImageFull": "https://ia.media-imdb.com/images/M/MV5BMjA3Njc3NTEwM15BMl5BanBnXkFtZTgwNzU0MTQ0MjE@._V1.jpg"
      },
      {
         "characterName": "Field Reporter",
         "actorName": "Paul Ryden",
         "actorLink": "/name/nm0753077/",
         "characterImageThumb": "https://ia.media-imdb.com/images/M/MV5BNGZjNTY3NTQtZTc0ZC00MDM1LTljZTEtZmE5ZmRiNGFjZWFhL2ltYWdlXkEyXkFqcGdeQXVyMjU0MTU0NTA@._V1._SX100_SY140_.jpg",
         "characterImageFull": "https://ia.media-imdb.com/images/M/MV5BNGZjNTY3NTQtZTc0ZC00MDM1LTljZTEtZmE5ZmRiNGFjZWFhL2ltYWdlXkEyXkFqcGdeQXVyMjU0MTU0NTA@._V1.jpg"
      },
      {
         "characterName": "Fighting Kid",
         "credited": false,
         "actorName": "Jaxon McHan",
         "actorLink": "/name/nm7718824/"
      },
      {
         "characterName": "Firefighter",
         "credited": false,
         "actorName": "Brady Rogers",
         "actorLink": "/name/nm7940199/",
         "characterImageThumb": "https://ia.media-imdb.com/images/M/MV5BOGRlZmNlYTUtNGI1Zi00YzczLTk5MWEtOWY2MzE4OGM1M2IwXkEyXkFqcGdeQXVyMjQwMDg0Ng@@._V1._SX100_SY140_.jpg",
         "characterImageFull": "https://ia.media-imdb.com/images/M/MV5BOGRlZmNlYTUtNGI1Zi00YzczLTk5MWEtOWY2MzE4OGM1M2IwXkEyXkFqcGdeQXVyMjQwMDg0Ng@@._V1.jpg"
      },
      {
         "characterName": "Flame Thrower",
         "credited": false,
         "actorName": "James Michael Smith",
         "actorLink": "/name/nm3128993/"
      },
      {
         "characterName": "Flamethrower Soldier",
         "actorName": "David A MacDonald",
         "actorLink": "/name/nm4370055/",
         "characterImageThumb": "https://ia.media-imdb.com/images/M/MV5BYjFjNzc3YTktZTkzNC00MTg0LThmZWMtODdlYmU0Njg0OWE1XkEyXkFqcGdeQXVyNjAwMTg5NDU@._V1._SX100_SY140_.jpg",
         "characterImageFull": "https://ia.media-imdb.com/images/M/MV5BYjFjNzc3YTktZTkzNC00MTg0LThmZWMtODdlYmU0Njg0OWE1XkEyXkFqcGdeQXVyNjAwMTg5NDU@._V1.jpg"
      },
      {
         "characterName": "Florence",
         "actorName": "Susan Shalhoub Larkin",
         "actorLink": "/name/nm3091904/",
         "characterImageThumb": "https://ia.media-imdb.com/images/M/MV5BOTVjZjVmNzctOTYzOC00MTI0LWIyZDYtNDBiYzA2OTBlOWIxXkEyXkFqcGdeQXVyNjIyMjAxMjA@._V1._SX100_SY140_.jpg",
         "characterImageFull": "https://ia.media-imdb.com/images/M/MV5BOTVjZjVmNzctOTYzOC00MTI0LWIyZDYtNDBiYzA2OTBlOWIxXkEyXkFqcGdeQXVyNjIyMjAxMjA@._V1.jpg"
      },
      {
         "characterName": "Friendly Trucker",
         "actorName": "Ben Taylor",
         "actorLink": "/name/nm0852023/"
      },
      {
         "characterName": "Funeral Director",
         "characterLink": "/title/tt4574334/characters/nm0463279",
         "actorName": "Jon Kohler",
         "actorLink": "/name/nm0463279/"
      },
      {
         "characterName": "Funshine",
         "characterLink": "/title/tt4574334/characters/nm3471034",
         "actorName": "Kai Greene",
         "actorLink": "/name/nm3471034/",
         "characterImageThumb": "https://ia.media-imdb.com/images/M/MV5BZjJmZTA3N2EtZDhmYi00NGY0LTg5MjQtYjJjODEyNmIwNGE2XkEyXkFqcGdeQXVyNjA3NTIxNjA@._V1._SX100_SY140_.jpg",
         "characterImageFull": "https://ia.media-imdb.com/images/M/MV5BZjJmZTA3N2EtZDhmYi00NGY0LTg5MjQtYjJjODEyNmIwNGE2XkEyXkFqcGdeQXVyNjA3NTIxNjA@._V1.jpg"
      },
      {
         "characterName": "Gary",
         "actorName": "Mark Withers",
         "actorLink": "/name/nm0936743/",
         "characterImageThumb": "https://ia.media-imdb.com/images/M/MV5BNTE5OTM1ODE3MV5BMl5BanBnXkFtZTgwNzMxMzg2ODE@._V1._SX100_SY140_.jpg",
         "characterImageFull": "https://ia.media-imdb.com/images/M/MV5BNTE5OTM1ODE3MV5BMl5BanBnXkFtZTgwNzMxMzg2ODE@._V1.jpg"
      },
      {
         "characterName": "Gas Station Clerk",
         "actorName": "Keith Brooks",
         "actorLink": "/name/nm4621220/",
         "characterImageThumb": "https://ia.media-imdb.com/images/M/MV5BMjMzMjU2MzI1MF5BMl5BanBnXkFtZTgwMTI5NjMzOTE@._V1._SX100_SY140_.jpg",
         "characterImageFull": "https://ia.media-imdb.com/images/M/MV5BMjMzMjU2MzI1MF5BMl5BanBnXkFtZTgwMTI5NjMzOTE@._V1.jpg"
      },
      {
         "characterName": "Goth Girl Samantha",
         "characterLink": "/title/tt4574334/characters/nm3259029",
         "actorName": "Shea Jones",
         "actorLink": "/name/nm3259029/"
      },
      {
         "characterName": "Government Agent #1",
         "actorName": "Tonya Bludsworth",
         "actorLink": "/name/nm2987522/",
         "characterImageThumb": "https://ia.media-imdb.com/images/M/MV5BYTg5OGU3ZWMtZjdmNi00NTllLThjOWQtN2U0YjRlM2NmOTcyXkEyXkFqcGdeQXVyNDM4NDE4OQ@@._V1._SX100_SY140_.jpg",
         "characterImageFull": "https://ia.media-imdb.com/images/M/MV5BYTg5OGU3ZWMtZjdmNi00NTllLThjOWQtN2U0YjRlM2NmOTcyXkEyXkFqcGdeQXVyNDM4NDE4OQ@@._V1.jpg"
      },
      {
         "characterName": "Government Agent #2",
         "actorName": "Jim E. Chandler",
         "actorLink": "/name/nm4910435/",
         "characterImageThumb": "https://ia.media-imdb.com/images/M/MV5BMjE3MTM3NTAwOV5BMl5BanBnXkFtZTgwNzA0MzA3MDE@._V1._SX100_SY140_.jpg",
         "characterImageFull": "https://ia.media-imdb.com/images/M/MV5BMjE3MTM3NTAwOV5BMl5BanBnXkFtZTgwNzA0MzA3MDE@._V1.jpg"
      },
      {
         "characterName": "Government Agent #4",
         "actorName": "John Paul Marston",
         "actorLink": "/name/nm1601185/",
         "characterImageThumb": "https://ia.media-imdb.com/images/M/MV5BMzM1Njg3NTY2MF5BMl5BanBnXkFtZTcwMDg3MDE3OA@@._V1._SX100_SY140_.jpg",
         "characterImageFull": "https://ia.media-imdb.com/images/M/MV5BMzM1Njg3NTY2MF5BMl5BanBnXkFtZTcwMDg3MDE3OA@@._V1.jpg"
      },
      {
         "characterName": "Government Agent #5",
         "actorName": "Shannon Mayers",
         "actorLink": "/name/nm3745764/"
      },
      {
         "characterName": "Government Agent #6",
         "actorName": "Desmond Phillips",
         "actorLink": "/name/nm2649940/",
         "characterImageThumb": "https://ia.media-imdb.com/images/M/MV5BMjIyODY3NTc3N15BMl5BanBnXkFtZTgwNDIyNjIxODE@._V1._SX100_SY140_.jpg",
         "characterImageFull": "https://ia.media-imdb.com/images/M/MV5BMjIyODY3NTc3N15BMl5BanBnXkFtZTgwNDIyNjIxODE@._V1.jpg"
      },
      {
         "characterName": "Grandkid",
         "actorName": "Danny Boyd Jr.",
         "actorLink": "/name/nm9374903/"
      },
      {
         "characterName": "Greg McCorkle",
         "actorName": "Arthur Lee Dozier",
         "actorLink": "/name/nm7225739/",
         "characterImageThumb": "https://ia.media-imdb.com/images/M/MV5BYjU2ZWJkZjktNDA3YS00N2NiLTkxNWMtMTQ4ZDhkNGViMDhhXkEyXkFqcGdeQXVyNTk1MTQ1NDA@._V1._SX100_SY140_.jpg",
         "characterImageFull": "https://ia.media-imdb.com/images/M/MV5BYjU2ZWJkZjktNDA3YS00N2NiLTkxNWMtMTQ4ZDhkNGViMDhhXkEyXkFqcGdeQXVyNTk1MTQ1NDA@._V1.jpg"
      },
      {
         "characterName": "Grocery Store Manager",
         "actorName": "Kevin Patrick Murphy",
         "actorLink": "/name/nm1557222/",
         "characterImageThumb": "https://ia.media-imdb.com/images/M/MV5BYjdmYmM2NDEtMWFlYy00MDNlLTkzYWItNWY3NmNiMDI4ZmJmXkEyXkFqcGdeQXVyMjcyMzMwNTE@._V1._SX100_SY140_.jpg",
         "characterImageFull": "https://ia.media-imdb.com/images/M/MV5BYjdmYmM2NDEtMWFlYy00MDNlLTkzYWItNWY3NmNiMDI4ZmJmXkEyXkFqcGdeQXVyMjcyMzMwNTE@._V1.jpg"
      },
      {
         "characterName": "Ground Controller",
         "actorName": "Adam Gagan",
         "actorLink": "/name/nm5387273/"
      },
      {
         "characterName": "Happy Homeowner",
         "actorName": "Lynne Ashe",
         "actorLink": "/name/nm3496235/",
         "characterImageThumb": "https://ia.media-imdb.com/images/M/MV5BMzEyMzMzZTgtYmUxYS00ZTJiLWJlMDUtODBhNjc0MDRhYzA4XkEyXkFqcGdeQXVyMjEzNzQxODc@._V1._SX100_SY140_.jpg",
         "characterImageFull": "https://ia.media-imdb.com/images/M/MV5BMzEyMzMzZTgtYmUxYS00ZTJiLWJlMDUtODBhNjc0MDRhYzA4XkEyXkFqcGdeQXVyMjEzNzQxODc@._V1.jpg"
      },
      {
         "characterName": "Hawkins Head of Security",
         "actorName": "Pete Burris",
         "actorLink": "/name/nm0123148/",
         "characterImageThumb": "https://ia.media-imdb.com/images/M/MV5BMjA5NjAyOTcwOF5BMl5BanBnXkFtZTcwNzIzMTk5OQ@@._V1._SX100_SY140_.jpg",
         "characterImageFull": "https://ia.media-imdb.com/images/M/MV5BMjA5NjAyOTcwOF5BMl5BanBnXkFtZTcwNzIzMTk5OQ@@._V1.jpg"
      },
      {
         "characterName": "Hawkins PD",
         "credited": false,
         "actorName": "Trey McGriff",
         "actorLink": "/name/nm1380890/",
         "characterImageThumb": "https://ia.media-imdb.com/images/M/MV5BODQxOTQxNjU0MF5BMl5BanBnXkFtZTgwMDY1MTIyMDI@._V1._SX100_SY140_.jpg",
         "characterImageFull": "https://ia.media-imdb.com/images/M/MV5BODQxOTQxNjU0MF5BMl5BanBnXkFtZTgwMDY1MTIyMDI@._V1.jpg"
      },
      {
         "characterName": "Hawkins Police Officer",
         "characterNameAlt": [
            "Deputy"
         ],
         "credited": false,
         "actorName": "Stephen Dean",
         "actorLink": "/name/nm7008538/",
         "characterImageThumb": "https://ia.media-imdb.com/images/M/MV5BZmNmZjZhMGMtYjEwYy00OWJkLThiYjEtMmU2MzhiYmUwMzY2XkEyXkFqcGdeQXVyNDU3OTk1ODI@._V1._SX100_SY140_.jpg",
         "characterImageFull": "https://ia.media-imdb.com/images/M/MV5BZmNmZjZhMGMtYjEwYy00OWJkLThiYjEtMmU2MzhiYmUwMzY2XkEyXkFqcGdeQXVyNDU3OTk1ODI@._V1.jpg"
      },
      {
         "characterName": "Hawkins Scientist",
         "credited": false,
         "actorName": "Kent Wagner",
         "actorLink": "/name/nm6621949/",
         "characterImageThumb": "https://ia.media-imdb.com/images/M/MV5BMTM4ODg4NTctN2I1My00MmI4LThhMDgtZDNkNDlmYzVlNmE3XkEyXkFqcGdeQXVyNTM3Nzg0MTQ@._V1._SX100_SY140_.jpg",
         "characterImageFull": "https://ia.media-imdb.com/images/M/MV5BMTM4ODg4NTctN2I1My00MmI4LThhMDgtZDNkNDlmYzVlNmE3XkEyXkFqcGdeQXVyNTM3Nzg0MTQ@._V1.jpg"
      },
      {
         "characterName": "High School Principal",
         "actorName": "Salem Murphy",
         "actorLink": "/name/nm2803843/",
         "characterImageThumb": "https://ia.media-imdb.com/images/M/MV5BMTYwODA3MTA1OF5BMl5BanBnXkFtZTgwODc4ODc0ODE@._V1._SX100_SY140_.jpg",
         "characterImageFull": "https://ia.media-imdb.com/images/M/MV5BMTYwODA3MTA1OF5BMl5BanBnXkFtZTgwODc4ODc0ODE@._V1.jpg"
      },
      {
         "characterName": "High School Student",
         "credited": false,
         "actorName": "Alex Hargett",
         "actorLink": "/name/nm9248966/",
         "characterImageThumb": "https://ia.media-imdb.com/images/M/MV5BMGNhMzJmNjUtN2VhYi00ZWFmLTlmZTUtZTE5MDJhMWY1M2NiXkEyXkFqcGdeQXVyODE0MDk4NjU@._V1._SX100_SY140_.jpg",
         "characterImageFull": "https://ia.media-imdb.com/images/M/MV5BMGNhMzJmNjUtN2VhYi00ZWFmLTlmZTUtZTE5MDJhMWY1M2NiXkEyXkFqcGdeQXVyODE0MDk4NjU@._V1.jpg"
      },
      {
         "characterName": "High School Student",
         "credited": false,
         "actorName": "Julaine Tackett",
         "actorLink": "/name/nm7700058/"
      },
      {
         "characterName": "High School Student",
         "credited": false,
         "actorName": "Austin Trudell",
         "actorLink": "/name/nm9378317/"
      },
      {
         "characterName": "High School Student",
         "credited": false,
         "actorName": "Ryan Newton",
         "actorLink": "/name/nm6656177/"
      },
      {
         "characterName": "High School Student",
         "credited": false,
         "actorName": "Bobby Pizer",
         "actorLink": "/name/nm7656339/"
      },
      {
         "characterName": "High School Student",
         "credited": false,
         "actorName": "Shawron Gaffney",
         "actorLink": "/name/nm7734467/"
      },
      {
         "characterName": "Hip Hop Member",
         "credited": false,
         "actorName": "Matthew Excel Simmons",
         "actorLink": "/name/nm8220834/",
         "characterImageThumb": "https://ia.media-imdb.com/images/M/MV5BZWI4NTNlODctODk0NC00NDMzLWE4YzEtZGZlNTQxNGJiZDFjXkEyXkFqcGdeQXVyNjc2MTY2MjU@._V1._SX100_SY140_.jpg",
         "characterImageFull": "https://ia.media-imdb.com/images/M/MV5BZWI4NTNlODctODk0NC00NDMzLWE4YzEtZGZlNTQxNGJiZDFjXkEyXkFqcGdeQXVyNjc2MTY2MjU@._V1.jpg"
      },
      {
         "characterName": "Holly Wheeler",
         "actors": [
            {
               "characterLink": "/title/tt4574334/characters/nm6018251",
               "actorName": "Tinsley Price",
               "actorLink": "/name/nm6018251/",
               "characterImageThumb": "https://ia.media-imdb.com/images/M/MV5BZTRmYTBkYzAtZjFmNC00OTdiLThmNGYtMTJmYTk4NmM0MmE2XkEyXkFqcGdeQXVyNDczNDY5MDk@._V1._SX100_SY140_.jpg",
               "characterImageFull": "https://ia.media-imdb.com/images/M/MV5BZTRmYTBkYzAtZjFmNC00OTdiLThmNGYtMTJmYTk4NmM0MmE2XkEyXkFqcGdeQXVyNDczNDY5MDk@._V1.jpg"
            },
            {
               "characterLink": "/title/tt4574334/characters/nm7635825",
               "actorName": "Anniston Price",
               "actorLink": "/name/nm7635825/",
               "characterImageThumb": "https://ia.media-imdb.com/images/M/MV5BYWNlYzQyNmMtNzgzNC00Nzc0LThiYjItMjJiODg4NGQ5ZGJmXkEyXkFqcGdeQXVyNjM1MDc0MDE@._V1._SX100_SY140_.jpg",
               "characterImageFull": "https://ia.media-imdb.com/images/M/MV5BYWNlYzQyNmMtNzgzNC00Nzc0LThiYjItMjJiODg4NGQ5ZGJmXkEyXkFqcGdeQXVyNjM1MDc0MDE@._V1.jpg"
            }
         ],
         "siblings": [
            "Nancy Wheeler",
            "Mike Wheeler"
         ],
         "parents": [
            "Karen Wheeler",
            "Ted Wheeler"
         ]
      },
      {
         "characterName": "Homeless Person",
         "credited": false,
         "actorName": "Juan Gaspard",
         "actorLink": "/name/nm6140184/",
         "characterImageThumb": "https://ia.media-imdb.com/images/M/MV5BOWNkMjgwYTgtMGVlYi00NWUzLWExZDYtOGVlMGEzOTQ0NGFkXkEyXkFqcGdeQXVyNDE0NzkxNDM@._V1._SX100_SY140_.jpg",
         "characterImageFull": "https://ia.media-imdb.com/images/M/MV5BOWNkMjgwYTgtMGVlYi00NWUzLWExZDYtOGVlMGEzOTQ0NGFkXkEyXkFqcGdeQXVyNDE0NzkxNDM@._V1.jpg"
      },
      {
         "characterName": "Hunter",
         "characterLink": "/title/tt4574334/characters/nm0888391",
         "actorName": "Alex Van",
         "actorLink": "/name/nm0888391/",
         "characterImageThumb": "https://ia.media-imdb.com/images/M/MV5BNmFkYTNjZWMtMjcyMC00YjFkLTlhM2MtMDcyNWQ0Y2U5YTNiXkEyXkFqcGdeQXVyNDM3NTg3Ng@@._V1._SX100_SY140_.jpg",
         "characterImageFull": "https://ia.media-imdb.com/images/M/MV5BNmFkYTNjZWMtMjcyMC00YjFkLTlhM2MtMDcyNWQ0Y2U5YTNiXkEyXkFqcGdeQXVyNDM3NTg3Ng@@._V1.jpg"
      },
      {
         "characterName": "Hunting Store Owner",
         "actorName": "Adam Boyer",
         "actorLink": "/name/nm0101997/",
         "characterImageThumb": "https://ia.media-imdb.com/images/M/MV5BMzYyMzc5ODA1Ml5BMl5BanBnXkFtZTgwNDQ3ODQxNzE@._V1._SX100_SY140_.jpg",
         "characterImageFull": "https://ia.media-imdb.com/images/M/MV5BMzYyMzc5ODA1Ml5BMl5BanBnXkFtZTgwNDQ3ODQxNzE@._V1.jpg"
      },
      {
         "characterName": "James",
         "actorName": "Cade Jones",
         "actorLink": "/name/nm4730784/",
         "characterImageThumb": "https://ia.media-imdb.com/images/M/MV5BYjMwMDk4MmEtNTllZC00OGQxLWEzZDUtMTlmMzIyYjRlYjk4XkEyXkFqcGdeQXVyMjg3NTY4MjY@._V1._SX100_SY140_.jpg",
         "characterImageFull": "https://ia.media-imdb.com/images/M/MV5BYjMwMDk4MmEtNTllZC00OGQxLWEzZDUtMTlmMzIyYjRlYjk4XkEyXkFqcGdeQXVyMjg3NTY4MjY@._V1.jpg"
      },
      {
         "characterName": "Jason Voorhees",
         "actorName": "Cameron Newton",
         "actorLink": "/name/nm9374905/"
      },
      {
         "characterName": "Jen",
         "actorName": "Jackie Dallas",
         "actorLink": "/name/nm6399766/",
         "characterImageThumb": "https://ia.media-imdb.com/images/M/MV5BNTVhNzRjYjMtMzJkMi00ZmIwLTgxZjctZWMyZWJhMTA1YjAyXkEyXkFqcGdeQXVyNTE3ODg2MjE@._V1._SX100_SY140_.jpg",
         "characterImageFull": "https://ia.media-imdb.com/images/M/MV5BNTVhNzRjYjMtMzJkMi00ZmIwLTgxZjctZWMyZWJhMTA1YjAyXkEyXkFqcGdeQXVyNTE3ODg2MjE@._V1.jpg"
      },
      {
         "characterName": "Jennifer Hayes",
         "actorName": "Kaylee Glover",
         "actorLink": "/name/nm8292344/"
      },
      {
         "characterName": "Jim Hopper",
         "characterLink": "/title/tt4574334/characters/nm1092086",
         "actorName": "David Harbour",
         "actorLink": "/name/nm1092086/",
         "characterImageThumb": "https://ia.media-imdb.com/images/M/MV5BMTM1MDkxMTY2N15BMl5BanBnXkFtZTcwNTcxMjAyMg@@._V1._SX100_SY140_.jpg",
         "characterImageFull": "https://ia.media-imdb.com/images/M/MV5BMTM1MDkxMTY2N15BMl5BanBnXkFtZTcwNTcxMjAyMg@@._V1.jpg",
         "parentOf": [
            "Sara Hopper"
         ],
         "marriedEngaged": [
            "Diane Hopper"
         ]
      },
      {
         "characterName": "Jonathan Byers",
         "characterLink": "/title/tt4574334/characters/nm6390427",
         "actorName": "Charlie Heaton",
         "actorLink": "/name/nm6390427/",
         "characterImageThumb": "https://ia.media-imdb.com/images/M/MV5BMjEyNDUxOTAzNF5BMl5BanBnXkFtZTgwMjc3OTIxMjE@._V1._SX100_SY140_.jpg",
         "characterImageFull": "https://ia.media-imdb.com/images/M/MV5BMjEyNDUxOTAzNF5BMl5BanBnXkFtZTgwMjc3OTIxMjE@._V1.jpg",
         "siblings": [
            "Will Byers"
         ],
         "parents": [
            "Joyce Byers",
            "Lonnie Byers"
         ]
      },
      {
         "characterName": "Joyce Byers",
         "characterLink": "/title/tt4574334/characters/nm0000213",
         "actorName": "Winona Ryder",
         "actorLink": "/name/nm0000213/",
         "characterImageThumb": "https://ia.media-imdb.com/images/M/MV5BMTQ3NzM3MTc2NF5BMl5BanBnXkFtZTcwODMxNjA0NA@@._V1._SX100_SY140_.jpg",
         "characterImageFull": "https://ia.media-imdb.com/images/M/MV5BMTQ3NzM3MTc2NF5BMl5BanBnXkFtZTcwODMxNjA0NA@@._V1.jpg",
         "parentOf": [
            "Jonathan Byers",
            "Will Byers"
         ],
         "marriedEngaged": [
            "Lonnie Byers"
         ]
      },
      {
         "characterName": "Kali",
         "characterLink": "/title/tt4574334/characters/nm7535433",
         "actorName": "Linnea Berthelsen",
         "actorLink": "/name/nm7535433/",
         "characterImageThumb": "https://ia.media-imdb.com/images/M/MV5BN2JhY2M2Y2QtZDBjOS00MjY2LWJhMjEtZWNjNTQ3MTE0YzBlXkEyXkFqcGdeQXVyNjE5MDgzMjI@._V1._SX100_SY140_.jpg",
         "characterImageFull": "https://ia.media-imdb.com/images/M/MV5BN2JhY2M2Y2QtZDBjOS00MjY2LWJhMjEtZWNjNTQ3MTE0YzBlXkEyXkFqcGdeQXVyNjE5MDgzMjI@._V1.jpg"
      },
      {
         "characterName": "Karen Wheeler",
         "characterLink": "/title/tt4574334/characters/nm0120648",
         "actorName": "Cara Buono",
         "actorLink": "/name/nm0120648/",
         "characterImageThumb": "https://ia.media-imdb.com/images/M/MV5BMzYyODUzMTMzN15BMl5BanBnXkFtZTgwMzc5NDg1NjE@._V1._SX100_SY140_.jpg",
         "characterImageFull": "https://ia.media-imdb.com/images/M/MV5BMzYyODUzMTMzN15BMl5BanBnXkFtZTgwMzc5NDg1NjE@._V1.jpg",
         "parentOf": [
            "Nancy Wheeler",
            "Mike Wheeler",
            "Holly Wheeler"
         ],
         "marriedEngaged": [
            "Ted Wheeler"
         ]
      },
      {
         "characterName": "Keith",
         "characterLink": "/title/tt4574334/characters/nm1781213",
         "actorName": "Matty Cardarople",
         "actorLink": "/name/nm1781213/",
         "characterImageThumb": "https://ia.media-imdb.com/images/M/MV5BYzkyYjYzZDUtZjk3MC00MWM3LTlkYmItNDMzYzU3MjJkNDJkXkEyXkFqcGdeQXVyNDA1MjU4NA@@._V1._SX100_SY140_.jpg",
         "characterImageFull": "https://ia.media-imdb.com/images/M/MV5BYzkyYjYzZDUtZjk3MC00MWM3LTlkYmItNDMzYzU3MjJkNDJkXkEyXkFqcGdeQXVyNDA1MjU4NA@@._V1.jpg"
      },
      {
         "characterName": "Kid at Funeral",
         "characterNameAlt": [
            "Middle School Student"
         ],
         "credited": false,
         "actorName": "Ashley Windham",
         "actorLink": "/name/nm6314337/"
      },
      {
         "characterName": "Lab Tech #1",
         "credited": false,
         "actorName": "Walter Hendrix III",
         "actorLink": "/name/nm4239141/",
         "characterImageThumb": "https://ia.media-imdb.com/images/M/MV5BMjAwMzcwODI3OF5BMl5BanBnXkFtZTgwODM4NzY4MDE@._V1._SX100_SY140_.jpg",
         "characterImageFull": "https://ia.media-imdb.com/images/M/MV5BMjAwMzcwODI3OF5BMl5BanBnXkFtZTgwODM4NzY4MDE@._V1.jpg"
      },
      {
         "characterName": "Lab Tech #2",
         "credited": false,
         "actorName": "Max Perethian",
         "actorLink": "/name/nm7892160/",
         "characterImageThumb": "https://ia.media-imdb.com/images/M/MV5BZTBjNjY1MDctNjBhNS00MWI2LTg3ODAtYjBlOWM1NGQ2MjgxXkEyXkFqcGdeQXVyMjQwMDg0Ng@@._V1._SX100_SY140_.jpg",
         "characterImageFull": "https://ia.media-imdb.com/images/M/MV5BZTBjNjY1MDctNjBhNS00MWI2LTg3ODAtYjBlOWM1NGQ2MjgxXkEyXkFqcGdeQXVyMjQwMDg0Ng@@._V1.jpg"
      },
      {
         "characterName": "Lab Technician",
         "actorName": "Cory Chapman",
         "actorLink": "/name/nm5302034/",
         "characterImageThumb": "https://ia.media-imdb.com/images/M/MV5BNmFjOTA5M2YtMWVmMS00ZTRjLThmZGYtNjU0YjA5YmU3YjcyXkEyXkFqcGdeQXVyMzY4NDY3OTQ@._V1._SX100_SY140_.jpg",
         "characterImageFull": "https://ia.media-imdb.com/images/M/MV5BNmFjOTA5M2YtMWVmMS00ZTRjLThmZGYtNjU0YjA5YmU3YjcyXkEyXkFqcGdeQXVyMzY4NDY3OTQ@._V1.jpg"
      },
      {
         "characterName": "Lead Agent",
         "actorName": "Tobias Jelinek",
         "actorLink": "/name/nm0420564/",
         "characterImageThumb": "https://ia.media-imdb.com/images/M/MV5BMjA2NzcxMjgwNF5BMl5BanBnXkFtZTgwNDQ2NTM4MTE@._V1._SX100_SY140_.jpg",
         "characterImageFull": "https://ia.media-imdb.com/images/M/MV5BMjA2NzcxMjgwNF5BMl5BanBnXkFtZTgwNDQ2NTM4MTE@._V1.jpg"
      },
      {
         "characterName": "Lead Rift Soldier",
         "actorName": "Wendel A. Matthews",
         "actorLink": "/name/nm9375284/"
      },
      {
         "characterName": "Local Newswoman",
         "actorName": "Brenda Wood",
         "actorLink": "/name/nm6943910/"
      },
      {
         "characterName": "Lonnie Byers",
         "characterLink": "/title/tt4574334/characters/nm0664061",
         "actorName": "Ross Partridge",
         "actorLink": "/name/nm0664061/",
         "characterImageThumb": "https://ia.media-imdb.com/images/M/MV5BMjQxMjk2MTA5Ml5BMl5BanBnXkFtZTgwNTU0ODYyNzE@._V1._SX100_SY140_.jpg",
         "characterImageFull": "https://ia.media-imdb.com/images/M/MV5BMjQxMjk2MTA5Ml5BMl5BanBnXkFtZTgwNTU0ODYyNzE@._V1.jpg",
         "parentOf": [
            "Jonathan Byers",
            "Will Byers"
         ],
         "marriedEngaged": [
            "Joyce Byers"
         ]
      },
      {
         "characterName": "Lucas Sinclair",
         "characterLink": "/title/tt4574334/characters/nm5160895",
         "actorName": "Caleb McLaughlin",
         "actorLink": "/name/nm5160895/",
         "characterImageThumb": "https://ia.media-imdb.com/images/M/MV5BMTczMTczNDAxNV5BMl5BanBnXkFtZTgwOTQzNDAwODE@._V1._SX100_SY140_.jpg",
         "characterImageFull": "https://ia.media-imdb.com/images/M/MV5BMTczMTczNDAxNV5BMl5BanBnXkFtZTgwOTQzNDAwODE@._V1.jpg",
         "siblings": [
            "Erica Sinclair"
         ],
         "parents": [
            "Mrs. Sinclair",
            "Mr. Sinclair"
         ]
      },
      {
         "characterName": "M.P. Guard #1",
         "actorName": "Brian Brightman",
         "actorLink": "/name/nm0109202/",
         "characterImageThumb": "https://ia.media-imdb.com/images/M/MV5BN2ZhZDNjODEtNzBkNC00YjY4LTg1YTEtNTY3MzVhM2Y0NGZhXkEyXkFqcGdeQXVyMTk3OTMxMTY@._V1._SX100_SY140_.jpg",
         "characterImageFull": "https://ia.media-imdb.com/images/M/MV5BN2ZhZDNjODEtNzBkNC00YjY4LTg1YTEtNTY3MzVhM2Y0NGZhXkEyXkFqcGdeQXVyMTk3OTMxMTY@._V1.jpg"
      },
      {
         "characterName": "M.P. Guard #2",
         "actorName": "Kristopher Charles",
         "actorLink": "/name/nm6981808/",
         "characterImageThumb": "https://ia.media-imdb.com/images/M/MV5BMTYyNjIzMDgxN15BMl5BanBnXkFtZTgwNjcwNjIwNDE@._V1._SX100_SY140_.jpg",
         "characterImageFull": "https://ia.media-imdb.com/images/M/MV5BMTYyNjIzMDgxN15BMl5BanBnXkFtZTgwNjcwNjIwNDE@._V1.jpg"
      },
      {
         "characterName": "M.P. Officer Patrick",
         "actorName": "Miles Mussenden",
         "actorLink": "/name/nm4266079/",
         "characterImageThumb": "https://ia.media-imdb.com/images/M/MV5BZTBkMDUyNjYtNjJiOC00OGM4LWI4OWMtNjNhNzJkNTUwM2FkXkEyXkFqcGdeQXVyMjcyMzA0ODk@._V1._SX100_SY140_.jpg",
         "characterImageFull": "https://ia.media-imdb.com/images/M/MV5BZTBkMDUyNjYtNjJiOC00OGM4LWI4OWMtNjNhNzJkNTUwM2FkXkEyXkFqcGdeQXVyMjcyMzA0ODk@._V1.jpg"
      },
      {
         "characterName": "Man at the Bar",
         "credited": false,
         "actorName": "Gary Lee Vincent",
         "actorLink": "/name/nm7429538/",
         "characterImageThumb": "https://ia.media-imdb.com/images/M/MV5BYTcyMzVjYWItODRhMi00YTJlLWE3NzUtYmUzOGZjNzlkNzA2L2ltYWdlXkEyXkFqcGdeQXVyMTExODI5ODA@._V1._SX100_SY140_.jpg",
         "characterImageFull": "https://ia.media-imdb.com/images/M/MV5BYTcyMzVjYWItODRhMi00YTJlLWE3NzUtYmUzOGZjNzlkNzA2L2ltYWdlXkEyXkFqcGdeQXVyMTExODI5ODA@._V1.jpg"
      },
      {
         "characterName": "Man on Street",
         "actorName": "Thomas Tull",
         "actorLink": "/name/nm2100078/"
      },
      {
         "characterName": "Marissa",
         "characterLink": "/title/tt4574334/characters/nm2002752",
         "actorName": "Christi Waldon",
         "actorLink": "/name/nm2002752/",
         "characterImageThumb": "https://ia.media-imdb.com/images/M/MV5BYzRiOTcwNWItNDY3NC00YWFkLTg4YzYtOTUxM2NjYjY0Y2NkXkEyXkFqcGdeQXVyMjQwMDg0Ng@@._V1._SX100_SY140_.jpg",
         "characterImageFull": "https://ia.media-imdb.com/images/M/MV5BYzRiOTcwNWItNDY3NC00YWFkLTg4YzYtOTUxM2NjYjY0Y2NkXkEyXkFqcGdeQXVyMjQwMDg0Ng@@._V1.jpg"
      },
      {
         "characterName": "Marsha Holland",
         "characterNameAlt": [
            "Mrs. Holland"
         ],
         "characterLink": "/title/tt4574334/characters/nm3797855",
         "actorName": "Cynthia Barrett",
         "actorLink": "/name/nm3797855/",
         "characterImageThumb": "https://ia.media-imdb.com/images/M/MV5BMTcwNzcxNTgyOF5BMl5BanBnXkFtZTgwNzM1ODYxOTE@._V1._SX100_SY140_.jpg",
         "characterImageFull": "https://ia.media-imdb.com/images/M/MV5BMTcwNzcxNTgyOF5BMl5BanBnXkFtZTgwNzM1ODYxOTE@._V1.jpg",
         "parentOf": [
            "Barbara Holland"
         ],
         "marriedEngaged": [
            "Mr. Holland"
         ]
      },
      {
         "characterName": "Mary Mack Girl #1",
         "actorName": "Abigail Whitlock",
         "actorLink": "/name/nm8294195/"
      },
      {
         "characterName": "Mary Mack Girl #2",
         "actorName": "Shae Britt",
         "actorLink": "/name/nm8083127/"
      },
      {
         "characterName": "Max Mayfield",
         "characterLink": "/title/tt4574334/characters/nm5584750",
         "actorName": "Sadie Sink",
         "actorLink": "/name/nm5584750/",
         "characterImageThumb": "https://ia.media-imdb.com/images/M/MV5BMjgzNjJiMjgtMzllZS00NGRjLTgyOWEtYzVhNzgxODE0ZDA3XkEyXkFqcGdeQXVyNTU0OTE5MjA@._V1._SX100_SY140_.jpg",
         "characterImageFull": "https://ia.media-imdb.com/images/M/MV5BMjgzNjJiMjgtMzllZS00NGRjLTgyOWEtYzVhNzgxODE0ZDA3XkEyXkFqcGdeQXVyNTU0OTE5MjA@._V1.jpg",
         "siblings": [
            "Billy Hargrove"
         ],
         "parents": [
            "Susan Hargrove",
            "Neil Hargrove"
         ]
      },
      {
         "characterName": "Mentally Ill Man",
         "actorName": "Pj McDonnell",
         "actorLink": "/name/nm5031008/",
         "characterImageThumb": "https://ia.media-imdb.com/images/M/MV5BZTFlZDI1MTEtNzQ4OS00N2M5LWEzYzgtMDg4ZDlhZGNiMDY0XkEyXkFqcGdeQXVyMjQwMDg0Ng@@._V1._SX100_SY140_.jpg",
         "characterImageFull": "https://ia.media-imdb.com/images/M/MV5BZTFlZDI1MTEtNzQ4OS00N2M5LWEzYzgtMDg4ZDlhZGNiMDY0XkEyXkFqcGdeQXVyMjQwMDg0Ng@@._V1.jpg"
      },
      {
         "characterName": "Merrill",
         "characterLink": "/title/tt4574334/characters/nm0492507",
         "actorName": "Fenton Lawless",
         "actorLink": "/name/nm0492507/",
         "characterImageThumb": "https://ia.media-imdb.com/images/M/MV5BMTI2ZjE0ZGYtNTg0MC00OTE1LTg5MzMtN2VkYzNjY2ZlNGM5XkEyXkFqcGdeQXVyMDU3MDUyNQ@@._V1._SX100_SY140_.jpg",
         "characterImageFull": "https://ia.media-imdb.com/images/M/MV5BMTI2ZjE0ZGYtNTg0MC00OTE1LTg5MzMtN2VkYzNjY2ZlNGM5XkEyXkFqcGdeQXVyMDU3MDUyNQ@@._V1.jpg"
      },
      {
         "characterName": "Mick",
         "characterLink": "/title/tt4574334/characters/nm4166767",
         "actorName": "Gabrielle Maiden",
         "actorLink": "/name/nm4166767/",
         "characterImageThumb": "https://ia.media-imdb.com/images/M/MV5BMTkxODg0NzIwNV5BMl5BanBnXkFtZTgwMDgwNDE5NzE@._V1._SX100_SY140_.jpg",
         "characterImageFull": "https://ia.media-imdb.com/images/M/MV5BMTkxODg0NzIwNV5BMl5BanBnXkFtZTgwMDgwNDE5NzE@._V1.jpg"
      },
      {
         "characterName": "Middle School Boy",
         "actorName": "Evan Brinkman",
         "actorLink": "/name/nm5057971/",
         "characterImageThumb": "https://ia.media-imdb.com/images/M/MV5BNWIxZDY5NTAtYTkwOS00Yzg1LWFmY2EtNGYyYzk5MGNiYzhkXkEyXkFqcGdeQXVyODYwOTUwNw@@._V1._SX100_SY140_.jpg",
         "characterImageFull": "https://ia.media-imdb.com/images/M/MV5BNWIxZDY5NTAtYTkwOS00Yzg1LWFmY2EtNGYyYzk5MGNiYzhkXkEyXkFqcGdeQXVyODYwOTUwNw@@._V1.jpg"
      },
      {
         "characterName": "Middle School Child",
         "characterNameAlt": [
            "Middle School Student"
         ],
         "credited": false,
         "actorName": "J. Gaven Wilde",
         "actorLink": "/name/nm8493387/",
         "characterImageThumb": "https://ia.media-imdb.com/images/M/MV5BMzg2MzMzYTQtMGY4Yi00NDc5LTllOTMtNWRkYTVjM2I2NzVlXkEyXkFqcGdeQXVyNjkzNjk4ODA@._V1._SX100_SY140_.jpg",
         "characterImageFull": "https://ia.media-imdb.com/images/M/MV5BMzg2MzMzYTQtMGY4Yi00NDc5LTllOTMtNWRkYTVjM2I2NzVlXkEyXkFqcGdeQXVyNjkzNjk4ODA@._V1.jpg"
      },
      {
         "characterName": "Middle School Child",
         "characterNameAlt": [
            "Middle School Student"
         ],
         "credited": false,
         "actorName": "Anna Swiney",
         "actorLink": "/name/nm8139489/",
         "characterImageThumb": "https://ia.media-imdb.com/images/M/MV5BOTRiNTAwNWQtOWVmZi00MDViLThhNTgtM2JiMmQ1OWI0ODdkXkEyXkFqcGdeQXVyNjcwNzE0MzI@._V1._SX100_SY140_.jpg",
         "characterImageFull": "https://ia.media-imdb.com/images/M/MV5BOTRiNTAwNWQtOWVmZi00MDViLThhNTgtM2JiMmQ1OWI0ODdkXkEyXkFqcGdeQXVyNjcwNzE0MzI@._V1.jpg"
      },
      {
         "characterName": "Middle School Kid",
         "characterLink": "/title/tt4574334/characters/nm7333458",
         "actorName": "Isabel Chanel Freeman",
         "actorLink": "/name/nm7333458/"
      },
      {
         "characterName": "Middle School Kid",
         "characterLink": "/title/tt4574334/characters/nm7339835",
         "actorName": "Shelby Christine Freeman",
         "actorLink": "/name/nm7339835/"
      },
      {
         "characterName": "Middle School Kid",
         "credited": false,
         "actorName": "Jasmine Bolton",
         "actorLink": "/name/nm8970826/",
         "characterImageThumb": "https://ia.media-imdb.com/images/M/MV5BNDRjOTQ3ODAtMmM4Yi00MTFjLTliZWItOWUzODhjMDg3ZWE3XkEyXkFqcGdeQXVyNzIwMTAwNTE@._V1._SX100_SY140_.jpg",
         "characterImageFull": "https://ia.media-imdb.com/images/M/MV5BNDRjOTQ3ODAtMmM4Yi00MTFjLTliZWItOWUzODhjMDg3ZWE3XkEyXkFqcGdeQXVyNzIwMTAwNTE@._V1.jpg"
      },
      {
         "characterName": "Middle School Student",
         "characterLink": "/title/tt4574334/characters/nm7591401",
         "actorName": "Owen Beam",
         "actorLink": "/name/nm7591401/"
      },
      {
         "characterName": "Middle School Student",
         "characterLink": "/title/tt4574334/characters/nm7709023",
         "actorName": "Anastasia Bastien",
         "actorLink": "/name/nm7709023/"
      },
      {
         "characterName": "Middle School Student",
         "credited": false,
         "actorName": "Hali Jones",
         "actorLink": "/name/nm7590787/"
      },
      {
         "characterName": "Middle School Student",
         "credited": false,
         "actorName": "Mikayla Fields",
         "actorLink": "/name/nm7745466/"
      },
      {
         "characterName": "Middle School Student",
         "credited": false,
         "actorName": "Ryder Morlong",
         "actorLink": "/name/nm7697729/"
      },
      {
         "characterName": "Middle School Student",
         "credited": false,
         "actorName": "Noah Hein",
         "actorLink": "/name/nm9376820/"
      },
      {
         "characterName": "Middle School Student",
         "credited": false,
         "actorName": "Blake Kerzie",
         "actorLink": "/name/nm8065457/"
      },
      {
         "characterName": "Middle School Student",
         "credited": false,
         "actorName": "Gennaro Napolitano",
         "actorLink": "/name/nm9071611/"
      },
      {
         "characterName": "Middle School Student",
         "credited": false,
         "actorName": "Kara Brooke",
         "actorLink": "/name/nm8772857/",
         "characterImageThumb": "https://ia.media-imdb.com/images/M/MV5BNTZlMTZiMGItYzk4OC00MTNiLTlkMTUtYWUwMjhkZTljYWFkXkEyXkFqcGdeQXVyNzMxNzczMzE@._V1._SX100_SY140_.jpg",
         "characterImageFull": "https://ia.media-imdb.com/images/M/MV5BNTZlMTZiMGItYzk4OC00MTNiLTlkMTUtYWUwMjhkZTljYWFkXkEyXkFqcGdeQXVyNzMxNzczMzE@._V1.jpg"
      },
      {
         "characterName": "Middle School Student",
         "credited": false,
         "actorName": "Emma Dempster",
         "actorLink": "/name/nm5961015/"
      },
      {
         "characterName": "Middle School Student",
         "credited": false,
         "actorName": "Emma Faith",
         "actorLink": "/name/nm8071731/"
      },
      {
         "characterName": "Middle School Student",
         "credited": false,
         "actorName": "Lindsey Heilman",
         "actorLink": "/name/nm7075523/"
      },
      {
         "characterName": "Middle School Student",
         "credited": false,
         "actorName": "Audrey Hope",
         "actorLink": "/name/nm8078709/"
      },
      {
         "characterName": "Middle School Student",
         "credited": false,
         "actorName": "Gage Lawson",
         "actorLink": "/name/nm8055062/",
         "characterImageThumb": "https://ia.media-imdb.com/images/M/MV5BNTRlMWUzM2YtMjM1Yi00MzA4LWJhNDEtYzQ3NTJiMGM1NGQxL2ltYWdlXkEyXkFqcGdeQXVyNjY5NDg4ODM@._V1._SX100_SY140_.jpg",
         "characterImageFull": "https://ia.media-imdb.com/images/M/MV5BNTRlMWUzM2YtMjM1Yi00MzA4LWJhNDEtYzQ3NTJiMGM1NGQxL2ltYWdlXkEyXkFqcGdeQXVyNjY5NDg4ODM@._V1.jpg"
      },
      {
         "characterName": "Middle School Student",
         "credited": false,
         "actorName": "Sage Mayer",
         "actorLink": "/name/nm8190797/",
         "characterImageThumb": "https://ia.media-imdb.com/images/M/MV5BZTU5ZjljZDMtYmIyMC00ZTU3LWJlYzEtYTBhZTRiN2UzM2FiXkEyXkFqcGdeQXVyNDE1NTM5MzM@._V1._SX100_SY140_.jpg",
         "characterImageFull": "https://ia.media-imdb.com/images/M/MV5BZTU5ZjljZDMtYmIyMC00ZTU3LWJlYzEtYTBhZTRiN2UzM2FiXkEyXkFqcGdeQXVyNDE1NTM5MzM@._V1.jpg"
      },
      {
         "characterName": "Middle School Student",
         "credited": false,
         "actorName": "Carissa Mejias",
         "actorLink": "/name/nm4106023/"
      },
      {
         "characterName": "Middle School Student",
         "credited": false,
         "actorName": "Mary Murdock",
         "actorLink": "/name/nm9009415/",
         "characterImageThumb": "https://ia.media-imdb.com/images/M/MV5BNTE1MWE5OGEtNjA4Yi00MTNhLTgzMmItZDAzMDNkMTllNTYwXkEyXkFqcGdeQXVyNzY1NTUyMDQ@._V1._SX100_SY140_.jpg",
         "characterImageFull": "https://ia.media-imdb.com/images/M/MV5BNTE1MWE5OGEtNjA4Yi00MTNhLTgzMmItZDAzMDNkMTllNTYwXkEyXkFqcGdeQXVyNzY1NTUyMDQ@._V1.jpg"
      },
      {
         "characterName": "Middle School Student",
         "credited": false,
         "actorName": "Muaaz Shakeel",
         "actorLink": "/name/nm9074300/"
      },
      {
         "characterName": "Middle School Student",
         "credited": false,
         "actorName": "Kassidy Slaughter",
         "actorLink": "/name/nm7781661/",
         "characterImageThumb": "https://ia.media-imdb.com/images/M/MV5BYjc5OGE2MDctY2I3Zi00MGYyLWEzYzAtYTZmMTVhOGVmZmUxXkEyXkFqcGdeQXVyNjMyNzQzODM@._V1._SX100_SY140_.jpg",
         "characterImageFull": "https://ia.media-imdb.com/images/M/MV5BYjc5OGE2MDctY2I3Zi00MGYyLWEzYzAtYTZmMTVhOGVmZmUxXkEyXkFqcGdeQXVyNjMyNzQzODM@._V1.jpg"
      },
      {
         "characterName": "Middle School Student",
         "characterNameAlt": [
            "Middle School Girl"
         ],
         "credited": false,
         "actorName": "Camden Ella Brown",
         "actorLink": "/name/nm7624750/",
         "characterImageThumb": "https://ia.media-imdb.com/images/M/MV5BMjFlYzZkMmItMWIwNS00N2E4LWI5NTItZGQwYWU0NDk5NDZkXkEyXkFqcGdeQXVyNjI5NjAzOTg@._V1._SX100_SY140_.jpg",
         "characterImageFull": "https://ia.media-imdb.com/images/M/MV5BMjFlYzZkMmItMWIwNS00N2E4LWI5NTItZGQwYWU0NDk5NDZkXkEyXkFqcGdeQXVyNjI5NjAzOTg@._V1.jpg"
      },
      {
         "characterName": "Middle School Student",
         "characterNameAlt": [
            "Arcade Gamer",
            "School Bus Kid",
            "Middle School Kid"
         ],
         "credited": false,
         "actorName": "Warren Quandt",
         "actorLink": "/name/nm7722970/",
         "characterImageThumb": "https://ia.media-imdb.com/images/M/MV5BOWEyNmMwMzMtODEwZC00ZDk0LTg4YWQtZTNkNzJiM2I0M2Q2XkEyXkFqcGdeQXVyNjM5MjQyODg@._V1._SX100_SY140_.jpg",
         "characterImageFull": "https://ia.media-imdb.com/images/M/MV5BOWEyNmMwMzMtODEwZC00ZDk0LTg4YWQtZTNkNzJiM2I0M2Q2XkEyXkFqcGdeQXVyNjM5MjQyODg@._V1.jpg"
      },
      {
         "characterName": "Middle-Aged Man",
         "characterLink": "/title/tt4574334/characters/nm0003069",
         "actorName": "James DuMont",
         "actorLink": "/name/nm0003069/",
         "characterImageThumb": "https://ia.media-imdb.com/images/M/MV5BMTQ4NTc3MDc0NF5BMl5BanBnXkFtZTgwMjEwNjk0MDI@._V1._SX100_SY140_.jpg",
         "characterImageFull": "https://ia.media-imdb.com/images/M/MV5BMTQ4NTc3MDc0NF5BMl5BanBnXkFtZTgwMjEwNjk0MDI@._V1.jpg"
      },
      {
         "characterName": "Mike Wheeler",
         "characterLink": "/title/tt4574334/characters/nm6016511",
         "actorName": "Finn Wolfhard",
         "actorLink": "/name/nm6016511/",
         "characterImageThumb": "https://ia.media-imdb.com/images/M/MV5BNzhiM2QxODUtZGQzNi00ZDRhLThjZTktMjBmZDRiZTcxNjBjL2ltYWdlXkEyXkFqcGdeQXVyNjY0NDUwODM@._V1._SX100_SY140_.jpg",
         "characterImageFull": "https://ia.media-imdb.com/images/M/MV5BNzhiM2QxODUtZGQzNi00ZDRhLThjZTktMjBmZDRiZTcxNjBjL2ltYWdlXkEyXkFqcGdeQXVyNjY0NDUwODM@._V1.jpg",
         "siblings": [
            "Nancy Wheeler",
            "Holly Wheeler"
         ],
         "parents": [
            "Karen Wheeler",
            "Ted Wheeler"
         ]
      },
      {
         "characterName": "Military Police #4",
         "credited": false,
         "actorName": "Jaye Tyroff",
         "actorLink": "/name/nm3675340/"
      },
      {
         "characterName": "Military Truck Driver",
         "characterNameAlt": [
            "Soldier"
         ],
         "actorName": "Andrew Ward",
         "actorLink": "/name/nm8125560/"
      },
      {
         "characterName": "Morgue Worker",
         "actorName": "Shawn Levy",
         "actorLink": "/name/nm0506613/",
         "characterImageThumb": "https://ia.media-imdb.com/images/M/MV5BNTkyNjk4MTM0NF5BMl5BanBnXkFtZTcwNTA4MTQ5Mw@@._V1._SX100_SY140_.jpg",
         "characterImageFull": "https://ia.media-imdb.com/images/M/MV5BNTkyNjk4MTM0NF5BMl5BanBnXkFtZTcwNTA4MTQ5Mw@@._V1.jpg"
      },
      {
         "characterName": "Motel Owner",
         "actorName": "Virginia Kirby",
         "actorLink": "/name/nm5394906/",
         "characterImageThumb": "https://ia.media-imdb.com/images/M/MV5BYzVkNTUxMzItOWY5ZS00YWI2LWEwODItN2Q3YmY3OTZlYzJhXkEyXkFqcGdeQXVyNDg1MTI1MDk@._V1._SX100_SY140_.jpg",
         "characterImageFull": "https://ia.media-imdb.com/images/M/MV5BYzVkNTUxMzItOWY5ZS00YWI2LWEwODItN2Q3YmY3OTZlYzJhXkEyXkFqcGdeQXVyNDg1MTI1MDk@._V1.jpg"
      },
      {
         "characterName": "Mother (Swingset)",
         "characterLink": "/title/tt4574334/characters/nm6554508",
         "actorName": "Bethany DeZelle",
         "actorLink": "/name/nm6554508/",
         "characterImageThumb": "https://ia.media-imdb.com/images/M/MV5BYTNkNWNmYjctZDYxMS00NzM3LWFlY2UtZGM3YzgxMjZkNGIxXkEyXkFqcGdeQXVyNjAzODg2MTY@._V1._SX100_SY140_.jpg",
         "characterImageFull": "https://ia.media-imdb.com/images/M/MV5BYTNkNWNmYjctZDYxMS00NzM3LWFlY2UtZGM3YzgxMjZkNGIxXkEyXkFqcGdeQXVyNjAzODg2MTY@._V1.jpg",
         "parentOf": [
            "Young Girl (Swingset)"
         ]
      },
      {
         "characterName": "Movie Theatre Manager",
         "actorName": "Charles Green",
         "actorLink": "/name/nm0337705/",
         "characterImageThumb": "https://ia.media-imdb.com/images/M/MV5BMTUwMDcxNjcyM15BMl5BanBnXkFtZTgwNzgyMTY4ODE@._V1._SX100_SY140_.jpg",
         "characterImageFull": "https://ia.media-imdb.com/images/M/MV5BMTUwMDcxNjcyM15BMl5BanBnXkFtZTgwNzgyMTY4ODE@._V1.jpg"
      },
      {
         "characterName": "Mr. Clarke",
         "characterNameAlt": [
            "Scott Clarke"
         ],
         "characterLink": "/title/tt4574334/characters/nm1670129",
         "actorName": "Randy Havens",
         "actorLink": "/name/nm1670129/",
         "characterImageThumb": "https://ia.media-imdb.com/images/M/MV5BMTYwNzYzMDI2NF5BMl5BanBnXkFtZTgwNDc5NjU5NTE@._V1._SX100_SY140_.jpg",
         "characterImageFull": "https://ia.media-imdb.com/images/M/MV5BMTYwNzYzMDI2NF5BMl5BanBnXkFtZTgwNDc5NjU5NTE@._V1.jpg"
      },
      {
         "characterName": "Mr. Henderson",
         "credited": false,
         "actorName": "Daniel Guttenberg",
         "actorLink": "/name/nm4641612/",
         "characterImageThumb": "https://ia.media-imdb.com/images/M/MV5BY2JhYTA3NzQtZWE0MS00NGJkLTgwNGYtMDc0NmViMjNlODRiXkEyXkFqcGdeQXVyMjQwMDg0Ng@@._V1._SX100_SY140_.jpg",
         "characterImageFull": "https://ia.media-imdb.com/images/M/MV5BY2JhYTA3NzQtZWE0MS00NGJkLTgwNGYtMDc0NmViMjNlODRiXkEyXkFqcGdeQXVyMjQwMDg0Ng@@._V1.jpg",
         "parentOf": [
            "Dustin Henderson"
         ],
         "marriedEngaged": [
            "Claudia Henderson"
         ]
      },
      {
         "characterName": "Mr. Holland",
         "characterLink": "/title/tt4574334/characters/nm3177287",
         "actorName": "Aaron Munoz",
         "actorLink": "/name/nm3177287/",
         "characterImageThumb": "https://ia.media-imdb.com/images/M/MV5BMWM2ZjdhODEtMjc0Yi00MDg3LWFhMzAtYjg4OTYzYWJkMzZmXkEyXkFqcGdeQXVyMTk5ODAzODE@._V1._SX100_SY140_.jpg",
         "characterImageFull": "https://ia.media-imdb.com/images/M/MV5BMWM2ZjdhODEtMjc0Yi00MDg3LWFhMzAtYjg4OTYzYWJkMzZmXkEyXkFqcGdeQXVyMTk5ODAzODE@._V1.jpg",
         "parentOf": [
            "Barbara Holland"
         ],
         "marriedEngaged": [
            "Marsha Holland"
         ]
      },
      {
         "characterName": "Mr. Melvald",
         "characterNameAlt": [
            "Donald Melvald"
         ],
         "actorName": "Charles Lawlor",
         "actorLink": "/name/nm0442107/"
      },
      {
         "characterName": "Mr. Sinclair",
         "actors": [
            {
               "characterLink": "/title/tt4574334/characters/nm1663776",
               "actorName": "Arnell Powell",
               "actorLink": "/name/nm1663776/",
               "characterImageThumb": "https://ia.media-imdb.com/images/M/MV5BMjM3MjY5MTU3OV5BMl5BanBnXkFtZTgwMzAwMzU1MjE@._V1._SX100_SY140_.jpg",
               "characterImageFull": "https://ia.media-imdb.com/images/M/MV5BMjM3MjY5MTU3OV5BMl5BanBnXkFtZTgwMzAwMzU1MjE@._V1.jpg",
               "seasonsActive":[
                  2
               ]
            },
            {
               "credited": false,
               "actorName": "Bradford Haynes",
               "actorLink": "/name/nm4356874/",
               "characterImageThumb": "https://ia.media-imdb.com/images/M/MV5BNjZkZTI5NDAtYTliNy00NTAyLTliMDAtNWQxY2NiY2MwOTRjXkEyXkFqcGdeQXVyMjQwMDg0Ng@@._V1._SX100_SY140_.jpg",
               "characterImageFull": "https://ia.media-imdb.com/images/M/MV5BNjZkZTI5NDAtYTliNy00NTAyLTliMDAtNWQxY2NiY2MwOTRjXkEyXkFqcGdeQXVyMjQwMDg0Ng@@._V1.jpg",
               "seasonsActive":[
                  1
               ]
            }
         ],
         "parentOf": [
            "Lucas Sinclair",
            "Erica Sinclair"
         ],
         "marriedEngaged": [
            "Mrs. Sinclair"
         ]
      },
      {
         "characterName": "Mrs. Sinclair",
         "actors": [
            {
               "characterLink": "/title/tt4574334/characters/nm1957798",
               "actorName": "Karen Ceesay",
               "actorLink": "/name/nm1957798/",
               "characterImageThumb": "https://ia.media-imdb.com/images/M/MV5BMTcyNTQ4MDE4N15BMl5BanBnXkFtZTcwNDMyODk1OQ@@._V1._SX100_SY140_.jpg",
               "characterImageFull": "https://ia.media-imdb.com/images/M/MV5BMTcyNTQ4MDE4N15BMl5BanBnXkFtZTcwNDMyODk1OQ@@._V1.jpg",
               "seasonsActive":[
                  2
               ]
            },
            {
               "credited": false,
               "actorName": "Tara Wescott",
               "actorLink": "/name/nm5372985/",
               "seasonsActive":[
                  1
               ]
            }
         ],
         "parentOf": [
            "Lucas Sinclair",
            "Erica Sinclair"
         ],
         "marriedEngaged": [
            "Mr. Sinclair"
         ]
      },
      {
         "characterName": "Murray Bauman",
         "characterLink": "/title/tt4574334/characters/nm1443368",
         "actorName": "Brett Gelman",
         "actorLink": "/name/nm1443368/",
         "characterImageThumb": "https://ia.media-imdb.com/images/M/MV5BMTU3MjIxMjQ2Ml5BMl5BanBnXkFtZTgwNzQyODA3NjE@._V1._SX100_SY140_.jpg",
         "characterImageFull": "https://ia.media-imdb.com/images/M/MV5BMTU3MjIxMjQ2Ml5BMl5BanBnXkFtZTgwNzQyODA3NjE@._V1.jpg"
      },
      {
         "characterName": "Nancy Wheeler",
         "characterLink": "/title/tt4574334/characters/nm3034501",
         "actorName": "Natalia Dyer",
         "actorLink": "/name/nm3034501/",
         "characterImageThumb": "https://ia.media-imdb.com/images/M/MV5BMTczNTg5NTgwNF5BMl5BanBnXkFtZTgwMjQ4MTE2NDE@._V1._SX100_SY140_.jpg",
         "characterImageFull": "https://ia.media-imdb.com/images/M/MV5BMTczNTg5NTgwNF5BMl5BanBnXkFtZTgwMjQ4MTE2NDE@._V1.jpg",
         "siblings": [
            "Mike Wheeler",
            "Holly Wheeler"
         ],
         "parents": [
            "Karen Wheeler",
            "Ted Wheeler"
         ]
      },
      {
         "characterName": "Neil Hargrove",
         "characterLink": "/title/tt4574334/characters/nm0153855",
         "actorName": "Will Chase",
         "actorLink": "/name/nm0153855/",
         "characterImageThumb": "https://ia.media-imdb.com/images/M/MV5BMjAzNTE3NDUwMl5BMl5BanBnXkFtZTgwNTk2ODMzNjE@._V1._SX100_SY140_.jpg",
         "characterImageFull": "https://ia.media-imdb.com/images/M/MV5BMjAzNTE3NDUwMl5BMl5BanBnXkFtZTgwNTk2ODMzNjE@._V1.jpg",
         "parentOf": [
            "Max Mayfield",
            "Billy Hargrove"
         ],
         "marriedEngaged": [
            "Susan Hargrove"
         ]
      },
      {
         "characterName": "Nerdy Tech",
         "characterLink": "/title/tt4574334/characters/nm1368482",
         "actorName": "Joe Davison",
         "actorLink": "/name/nm1368482/",
         "characterImageThumb": "https://ia.media-imdb.com/images/M/MV5BMGVhZjE2NzQtM2Y0ZC00NDkzLWIwNmUtYmEwZjc2NzY0MTZkXkEyXkFqcGdeQXVyMTQwMjY4NTc@._V1._SX100_SY140_.jpg",
         "characterImageFull": "https://ia.media-imdb.com/images/M/MV5BMGVhZjE2NzQtM2Y0ZC00NDkzLWIwNmUtYmEwZjc2NzY0MTZkXkEyXkFqcGdeQXVyMTQwMjY4NTc@._V1.jpg"
      },
      {
         "characterName": "Neurologist",
         "actorName": "Brandon O'Dell",
         "actorLink": "/name/nm0640637/"
      },
      {
         "characterName": "Nicole",
         "actorName": "Glennellen Anderson",
         "actorLink": "/name/nm4740861/",
         "characterImageThumb": "https://ia.media-imdb.com/images/M/MV5BMTkxMTg0MTI5Nl5BMl5BanBnXkFtZTgwMDc5MTM0OTE@._V1._SX100_SY140_.jpg",
         "characterImageFull": "https://ia.media-imdb.com/images/M/MV5BMTkxMTg0MTI5Nl5BMl5BanBnXkFtZTgwMDc5MTM0OTE@._V1.jpg"
      },
      {
         "characterName": "Officer",
         "credited": false,
         "actorName": "Lourenz Oviedo",
         "actorLink": "/name/nm7558895/"
      },
      {
         "characterName": "Officer Callahan",
         "characterLink": "/title/tt4574334/characters/nm6324745",
         "actorName": "John Reynolds",
         "actorLink": "/name/nm6324745/",
         "characterImageThumb": "https://ia.media-imdb.com/images/M/MV5BNGViYjVmOWYtYmNiOS00OTljLWIzYTYtMGRkZGVjZWFhMjg5XkEyXkFqcGdeQXVyNzAyMTMyODM@._V1._SX100_SY140_.jpg",
         "characterImageFull": "https://ia.media-imdb.com/images/M/MV5BNGViYjVmOWYtYmNiOS00OTljLWIzYTYtMGRkZGVjZWFhMjg5XkEyXkFqcGdeQXVyNzAyMTMyODM@._V1.jpg"
      },
      {
         "characterName": "Officer Powell",
         "characterLink": "/title/tt4574334/characters/nm1726032",
         "actorName": "Rob Morgan",
         "actorLink": "/name/nm1726032/",
         "characterImageThumb": "https://ia.media-imdb.com/images/M/MV5BNDc5MjQ1NDg0N15BMl5BanBnXkFtZTcwOTYyMzg5Mg@@._V1._SX100_SY140_.jpg",
         "characterImageFull": "https://ia.media-imdb.com/images/M/MV5BNDc5MjQ1NDg0N15BMl5BanBnXkFtZTcwOTYyMzg5Mg@@._V1.jpg"
      },
      {
         "characterName": "Park Child",
         "credited": false,
         "actorName": "Shelby Sanders",
         "actorLink": "/name/nm7224629/"
      },
      {
         "characterName": "Park Goer",
         "credited": false,
         "actorName": "Olivia De Paux",
         "actorLink": "/name/nm9475968/"
      },
      {
         "characterName": "Pastor Charles",
         "characterLink": "/title/tt4574334/characters/nm0198522",
         "actorName": "Bill Eudaly",
         "actorLink": "/name/nm0198522/",
         "characterImageThumb": "https://ia.media-imdb.com/images/M/MV5BMjEzMDg0MDU0MF5BMl5BanBnXkFtZTgwOTg2OTU5MTE@._V1._SX100_SY140_.jpg",
         "characterImageFull": "https://ia.media-imdb.com/images/M/MV5BMjEzMDg0MDU0MF5BMl5BanBnXkFtZTgwOTg2OTU5MTE@._V1.jpg"
      },
      {
         "characterName": "Patty",
         "actorName": "Marianne Fraulo",
         "actorLink": "/name/nm0292395/",
         "characterImageThumb": "https://ia.media-imdb.com/images/M/MV5BMTQwNjkwODg4MF5BMl5BanBnXkFtZTcwNDU0MDgyMQ@@._V1._SX100_SY140_.jpg",
         "characterImageFull": "https://ia.media-imdb.com/images/M/MV5BMTQwNjkwODg4MF5BMl5BanBnXkFtZTcwNDU0MDgyMQ@@._V1.jpg"
      },
      {
         "characterName": "Pedestrian",
         "credited": false,
         "actorName": "Apollo GT",
         "actorLink": "/name/nm6872257/"
      },
      {
         "characterName": "Pedestrian",
         "credited": false,
         "actorName": "Keith Nussbaum",
         "actorLink": "/name/nm3334646/",
         "characterImageThumb": "https://ia.media-imdb.com/images/M/MV5BMTYwMDY4MjMzNF5BMl5BanBnXkFtZTgwMjI3NzIwMTE@._V1._SX100_SY140_.jpg",
         "characterImageFull": "https://ia.media-imdb.com/images/M/MV5BMTYwMDY4MjMzNF5BMl5BanBnXkFtZTgwMjI3NzIwMTE@._V1.jpg"
      },
      {
         "characterName": "Pedestrian",
         "credited": false,
         "actorName": "Edward Parker",
         "actorLink": "/name/nm8791166/"
      },
      {
         "characterName": "Person in Town",
         "credited": false,
         "actorName": "Daniel McGraw",
         "actorLink": "/name/nm5408412/"
      },
      {
         "characterName": "Person in Town",
         "credited": false,
         "actorName": "Terry Thomas",
         "actorLink": "/name/nm1669504/"
      },
      {
         "characterName": "Playboy Bunny",
         "credited": false,
         "actorName": "Stephanie Mikel",
         "actorLink": "/name/nm7745341/"
      },
      {
         "characterName": "Principal Coleman",
         "actorName": "Tony Vaughn",
         "actorLink": "/name/nm0891257/",
         "characterImageThumb": "https://ia.media-imdb.com/images/M/MV5BMjMwNDkyMzgxN15BMl5BanBnXkFtZTgwOTE3MjY2MjE@._V1._SX100_SY140_.jpg",
         "characterImageFull": "https://ia.media-imdb.com/images/M/MV5BMjMwNDkyMzgxN15BMl5BanBnXkFtZTgwOTE3MjY2MjE@._V1.jpg"
      },
      {
         "characterName": "Radar Tech",
         "actorName": "Helen Abell",
         "actorLink": "/name/nm2435684/",
         "characterImageThumb": "https://ia.media-imdb.com/images/M/MV5BNjVmOTE3OWItMmE4NC00NzFlLTkwMDAtZmIxNjFiYjE1MWU4XkEyXkFqcGdeQXVyNDQyNzUxMDc@._V1._SX100_SY140_.jpg",
         "characterImageFull": "https://ia.media-imdb.com/images/M/MV5BNjVmOTE3OWItMmE4NC00NzFlLTkwMDAtZmIxNjFiYjE1MWU4XkEyXkFqcGdeQXVyNDQyNzUxMDc@._V1.jpg"
      },
      {
         "characterName": "Ray",
         "characterLink": "/title/tt4574334/characters/nm0898546",
         "actorName": "Pruitt Taylor Vince",
         "actorLink": "/name/nm0898546/",
         "characterImageThumb": "https://ia.media-imdb.com/images/M/MV5BMjIwMDk5NTc1N15BMl5BanBnXkFtZTgwMjQzOTMxNDM@._V1._SX100_SY140_.jpg",
         "characterImageFull": "https://ia.media-imdb.com/images/M/MV5BMjIwMDk5NTc1N15BMl5BanBnXkFtZTgwMjQzOTMxNDM@._V1.jpg"
      },
      {
         "characterName": "Reed",
         "actorName": "Chase Stokes",
         "actorLink": "/name/nm6795924/",
         "characterImageThumb": "https://ia.media-imdb.com/images/M/MV5BNGU3NTFlYmQtNjZmZi00MWVmLWJiMzMtYTU3NGZkM2IyYTE2XkEyXkFqcGdeQXVyNTI4NDQxMTk@._V1._SX100_SY140_.jpg",
         "characterImageFull": "https://ia.media-imdb.com/images/M/MV5BNGU3NTFlYmQtNjZmZi00MWVmLWJiMzMtYTU3NGZkM2IyYTE2XkEyXkFqcGdeQXVyNTI4NDQxMTk@._V1.jpg"
      },
      {
         "characterName": "Rift Soldier",
         "credited": false,
         "actorName": "Allen Parker",
         "actorLink": "/name/nm7229091/",
         "characterImageThumb": "https://ia.media-imdb.com/images/M/MV5BMTc1NDQ4MmYtZWZkOS00ZGYzLThiZGEtY2NiMDZmNTQ5Y2U1XkEyXkFqcGdeQXVyNTk3NzQwODk@._V1._SX100_SY140_.jpg",
         "characterImageFull": "https://ia.media-imdb.com/images/M/MV5BMTc1NDQ4MmYtZWZkOS00ZGYzLThiZGEtY2NiMDZmNTQ5Y2U1XkEyXkFqcGdeQXVyNTk3NzQwODk@._V1.jpg"
      },
      {
         "characterName": "Rift Soldier #2",
         "actorName": "Michael Shenefelt",
         "actorLink": "/name/nm4820754/",
         "characterImageThumb": "https://ia.media-imdb.com/images/M/MV5BMjgwMGFlM2UtMjdhNS00MzRmLTk1MzQtYmExYjczMWNiZjg5XkEyXkFqcGdeQXVyNTIyMjA5Nzc@._V1._SX100_SY140_.jpg",
         "characterImageFull": "https://ia.media-imdb.com/images/M/MV5BMjgwMGFlM2UtMjdhNS00MzRmLTk1MzQtYmExYjczMWNiZjg5XkEyXkFqcGdeQXVyNTIyMjA5Nzc@._V1.jpg"
      },
      {
         "characterName": "Russian Man",
         "actorName": "Andre Pushkin",
         "actorLink": "/name/nm3803693/"
      },
      {
         "characterName": "Sandra",
         "actorName": "Bethany Anne Lind",
         "actorLink": "/name/nm3869592/",
         "characterImageThumb": "https://ia.media-imdb.com/images/M/MV5BZGNkZjRkY2EtZWVmYS00NDAyLThhMmMtZGY0MWYyMGI4MzUwXkEyXkFqcGdeQXVyMjM4NjU0NDM@._V1._SX100_SY140_.jpg",
         "characterImageFull": "https://ia.media-imdb.com/images/M/MV5BZGNkZjRkY2EtZWVmYS00NDAyLThhMmMtZGY0MWYyMGI4MzUwXkEyXkFqcGdeQXVyMjM4NjU0NDM@._V1.jpg"
      },
      {
         "characterName": "Sara Hopper",
         "actorName": "Elle Graham",
         "actorLink": "/name/nm6285328/",
         "characterImageThumb": "https://ia.media-imdb.com/images/M/MV5BYThlMGU2NzAtZTkzZS00YTQ0LWJjOGItYTllYmY4ZjlhZmVlXkEyXkFqcGdeQXVyNTg1NjU5MzA@._V1._SX100_SY140_.jpg",
         "characterImageFull": "https://ia.media-imdb.com/images/M/MV5BYThlMGU2NzAtZTkzZS00YTQ0LWJjOGItYTllYmY4ZjlhZmVlXkEyXkFqcGdeQXVyNTg1NjU5MzA@._V1.jpg",
         "parents": [
            "Jim Hopper",
            "Diane Hopper"
         ]
      },
      {
         "characterName": "Scary Clown",
         "actorName": "Andrew Wilson Williams",
         "actorLink": "/name/nm2299029/",
         "characterImageThumb": "https://ia.media-imdb.com/images/M/MV5BMjUwMjk4Nzk2MV5BMl5BanBnXkFtZTgwOTY5Njc4NzE@._V1._SX100_SY140_.jpg",
         "characterImageFull": "https://ia.media-imdb.com/images/M/MV5BMjUwMjk4Nzk2MV5BMl5BanBnXkFtZTgwOTY5Njc4NzE@._V1.jpg"
      },
      {
         "characterName": "Science Class Kid",
         "credited": false,
         "actorName": "Aiden Hattier",
         "actorLink": "/name/nm9216283/"
      },
      {
         "characterName": "Scientist",
         "characterLink": "/title/tt4574334/characters/nm0392703",
         "actorName": "Hugh B. Holub",
         "actorLink": "/name/nm0392703/",
         "characterImageThumb": "https://ia.media-imdb.com/images/M/MV5BOTliMjVjMGEtYzk2My00ZGMwLTgzNmEtMGMwZDM1ZGNkYzg4L2ltYWdlXkEyXkFqcGdeQXVyMzcyNjQ3Nw@@._V1._SX100_SY140_.jpg",
         "characterImageFull": "https://ia.media-imdb.com/images/M/MV5BOTliMjVjMGEtYzk2My00ZGMwLTgzNmEtMGMwZDM1ZGNkYzg4L2ltYWdlXkEyXkFqcGdeQXVyMzcyNjQ3Nw@@._V1.jpg"
      },
      {
         "characterName": "Scientist",
         "credited": false,
         "actorName": "Marshall Choka",
         "actorLink": "/name/nm6552165/"
      },
      {
         "characterName": "Scientist",
         "credited": false,
         "actorName": "Richard Molina",
         "actorLink": "/name/nm6800757/",
         "characterImageThumb": "https://ia.media-imdb.com/images/M/MV5BMTk5MDc1MDQ0Ml5BMl5BanBnXkFtZTgwNTk1OTgzMzE@._V1._SX100_SY140_.jpg",
         "characterImageFull": "https://ia.media-imdb.com/images/M/MV5BMTk5MDc1MDQ0Ml5BMl5BanBnXkFtZTgwNTk1OTgzMzE@._V1.jpg"
      },
      {
         "characterName": "Search Party",
         "characterNameAlt": [
            "Homeless Person",
            "Winky's Patron"
         ],
         "credited": false,
         "actorName": "John Archer Lundgren",
         "actorLink": "/name/nm1739959/",
         "characterImageThumb": "https://ia.media-imdb.com/images/M/MV5BMjE2MTYwMjI1NF5BMl5BanBnXkFtZTgwOTQ1MjE0OTE@._V1._SX100_SY140_.jpg",
         "characterImageFull": "https://ia.media-imdb.com/images/M/MV5BMjE2MTYwMjI1NF5BMl5BanBnXkFtZTgwOTQ1MjE0OTE@._V1.jpg"
      },
      {
         "characterName": "Security Guard",
         "actorName": "Paul Vincent Freeman",
         "actorLink": "/name/nm4529884/",
         "characterImageThumb": "https://ia.media-imdb.com/images/M/MV5BZWFiZDY4ODYtN2ZhNS00MDRlLWE1YjEtYjI0YzUzNDdjNWRlXkEyXkFqcGdeQXVyMjk1ODE4OTY@._V1._SX100_SY140_.jpg",
         "characterImageFull": "https://ia.media-imdb.com/images/M/MV5BZWFiZDY4ODYtN2ZhNS00MDRlLWE1YjEtYjI0YzUzNDdjNWRlXkEyXkFqcGdeQXVyMjk1ODE4OTY@._V1.jpg"
      },
      {
         "characterName": "Security Guard",
         "credited": false,
         "actorName": "Fernando Campos",
         "actorLink": "/name/nm6651959/",
         "characterImageThumb": "https://ia.media-imdb.com/images/M/MV5BOTk4YjVlZTktOGE4Yi00Y2E5LTgxODItMTk5NDU0M2ZkMjcxXkEyXkFqcGdeQXVyNjA0MDI1Mjc@._V1._SX100_SY140_.jpg",
         "characterImageFull": "https://ia.media-imdb.com/images/M/MV5BOTk4YjVlZTktOGE4Yi00Y2E5LTgxODItMTk5NDU0M2ZkMjcxXkEyXkFqcGdeQXVyNjA0MDI1Mjc@._V1.jpg"
      },
      {
         "characterName": "Security Guard",
         "credited": false,
         "actorName": "Philip Dido",
         "actorLink": "/name/nm1869867/",
         "characterImageThumb": "https://ia.media-imdb.com/images/M/MV5BMjM3NzIwNjE5OV5BMl5BanBnXkFtZTcwMDY0MDUxOQ@@._V1._SX100_SY140_.jpg",
         "characterImageFull": "https://ia.media-imdb.com/images/M/MV5BMjM3NzIwNjE5OV5BMl5BanBnXkFtZTcwMDY0MDUxOQ@@._V1.jpg"
      },
      {
         "characterName": "Special Agent",
         "credited": false,
         "actorName": "Daniel Jarvie",
         "actorLink": "/name/nm5236035/"
      },
      {
         "characterName": "Stacey",
         "actorName": "Sydney Bullock",
         "actorLink": "/name/nm6801614/",
         "characterImageThumb": "https://ia.media-imdb.com/images/M/MV5BZjVmOTc5YTMtOWZhNi00ODM2LWFjYjAtMTgxZTk5MmY2NWYxXkEyXkFqcGdeQXVyNTU0ODIwMzc@._V1._SX100_SY140_.jpg",
         "characterImageFull": "https://ia.media-imdb.com/images/M/MV5BZjVmOTc5YTMtOWZhNi00ODM2LWFjYjAtMTgxZTk5MmY2NWYxXkEyXkFqcGdeQXVyNTU0ODIwMzc@._V1.jpg"
      },
      {
         "characterName": "Staff Nurse Caitlin",
         "actorName": "Kerry Cahill",
         "actorLink": "/name/nm2684369/",
         "characterImageThumb": "https://ia.media-imdb.com/images/M/MV5BOTMyNzU1MmUtZWJhMi00MGQ0LTgyMDItN2JmOTcyMmIwYWY2XkEyXkFqcGdeQXVyMjQwMDg0Ng@@._V1._SX100_SY140_.jpg",
         "characterImageFull": "https://ia.media-imdb.com/images/M/MV5BOTMyNzU1MmUtZWJhMi00MGQ0LTgyMDItN2JmOTcyMmIwYWY2XkEyXkFqcGdeQXVyMjQwMDg0Ng@@._V1.jpg"
      },
      {
         "characterName": "State Trooper",
         "actorName": "Ron Fallica",
         "actorLink": "/name/nm1707913/",
         "characterImageThumb": "https://ia.media-imdb.com/images/M/MV5BMzkxMjExNDkyMV5BMl5BanBnXkFtZTcwNjUwMDEzMQ@@._V1._SX100_SY140_.jpg",
         "characterImageFull": "https://ia.media-imdb.com/images/M/MV5BMzkxMjExNDkyMV5BMl5BanBnXkFtZTcwNjUwMDEzMQ@@._V1.jpg"
      },
      {
         "characterName": "State Trooper O'Bannon",
         "actorName": "Ron Roggé",
         "actorLink": "/name/nm0737318/",
         "characterImageThumb": "https://ia.media-imdb.com/images/M/MV5BMTg4MzA1MDExMV5BMl5BanBnXkFtZTgwNzY5MDc4NTE@._V1._SX100_SY140_.jpg",
         "characterImageFull": "https://ia.media-imdb.com/images/M/MV5BMTg4MzA1MDExMV5BMl5BanBnXkFtZTgwNzY5MDc4NTE@._V1.jpg"
      },
      {
         "characterName": "Steve Harrington",
         "characterLink": "/title/tt4574334/characters/nm6564737",
         "actorName": "Joe Keery",
         "actorLink": "/name/nm6564737/",
         "characterImageThumb": "https://ia.media-imdb.com/images/M/MV5BMzgyZjUyNzEtNmYwZi00Njg4LTgwMDktNmQ5OTc0YzdiYzY3XkEyXkFqcGdeQXVyNTk2MjUyMjA@._V1._SX100_SY140_.jpg",
         "characterImageFull": "https://ia.media-imdb.com/images/M/MV5BMzgyZjUyNzEtNmYwZi00Njg4LTgwMDktNmQ5OTc0YzdiYzY3XkEyXkFqcGdeQXVyNTk2MjUyMjA@._V1.jpg"
      },
      {
         "characterName": "Student",
         "credited": false,
         "actorName": "Diamond Sandt",
         "actorLink": "/name/nm8505139/"
      },
      {
         "characterName": "Student",
         "credited": false,
         "actorName": "Alicia Shenreice",
         "actorLink": "/name/nm8923447/"
      },
      {
         "characterName": "Student",
         "credited": false,
         "actorName": "Jb Blaine",
         "actorLink": "/name/nm7775855/"
      },
      {
         "characterName": "Student in Auditorium",
         "credited": false,
         "actorName": "Daniel Profeta",
         "actorLink": "/name/nm7895325/",
         "characterImageThumb": "https://ia.media-imdb.com/images/M/MV5BYWYwNDQ0NWYtZjcyNy00ZGMwLTg5ZTQtZDQ1YTU1ODNjOTg4XkEyXkFqcGdeQXVyMjQwMDg0Ng@@._V1._SX100_SY140_.jpg",
         "characterImageFull": "https://ia.media-imdb.com/images/M/MV5BYWYwNDQ0NWYtZjcyNy00ZGMwLTg5ZTQtZDQ1YTU1ODNjOTg4XkEyXkFqcGdeQXVyMjQwMDg0Ng@@._V1.jpg"
      },
      {
         "characterName": "Susan Hargrove",
         "characterLink": "/title/tt4574334/characters/nm1351148",
         "actorName": "Jennifer Marshall",
         "actorLink": "/name/nm1351148/",
         "characterImageThumb": "https://ia.media-imdb.com/images/M/MV5BMDNjOTlkZmItOGM3Yy00M2YyLWFjODItOTZjMjFmMzNkZTU0XkEyXkFqcGdeQXVyNjM4MTUzMQ@@._V1._SX100_SY140_.jpg",
         "characterImageFull": "https://ia.media-imdb.com/images/M/MV5BMDNjOTlkZmItOGM3Yy00M2YyLWFjODItOTZjMjFmMzNkZTU0XkEyXkFqcGdeQXVyNjM4MTUzMQ@@._V1.jpg",
         "parentOf": [
            "Max Mayfield",
            "Billy Hargrove"
         ],
         "marriedEngaged": [
            "Neil Hargrove"
         ]
      },
      {
         "characterName": "Swat Member #1",
         "actorName": "Jarrett Michael Collins",
         "actorLink": "/name/nm8092061/",
         "characterImageThumb": "https://ia.media-imdb.com/images/M/MV5BYmNkZTg2M2MtOWM4NC00MmM5LWJmZTgtYjViNjY1MWM2YWVhXkEyXkFqcGdeQXVyNjY2MzU3OTA@._V1._SX100_SY140_.jpg",
         "characterImageFull": "https://ia.media-imdb.com/images/M/MV5BYmNkZTg2M2MtOWM4NC00MmM5LWJmZTgtYjViNjY1MWM2YWVhXkEyXkFqcGdeQXVyNjY2MzU3OTA@._V1.jpg"
      },
      {
         "characterName": "Swat Member #2",
         "actorName": "Wes Kidd",
         "actorLink": "/name/nm8598574/"
      },
      {
         "characterName": "Sweaty Teen Boy",
         "characterNameAlt": [
            "Drunk Teen #2"
         ],
         "characterLink": "/title/tt4574334/characters/nm5902264",
         "actorName": "Drew Scheid",
         "actorLink": "/name/nm5902264/",
         "characterImageThumb": "https://ia.media-imdb.com/images/M/MV5BMzcxNTQzZDQtOGU2Ni00YWRhLWEyNTktY2E1MTBlYWI4OWEyXkEyXkFqcGdeQXVyNzg3NTExNDY@._V1._SX100_SY140_.jpg",
         "characterImageFull": "https://ia.media-imdb.com/images/M/MV5BMzcxNTQzZDQtOGU2Ni00YWRhLWEyNTktY2E1MTBlYWI4OWEyXkEyXkFqcGdeQXVyNzg3NTExNDY@._V1.jpg"
      },
      {
         "characterName": "Technician",
         "actorName": "Lucius Baston",
         "actorLink": "/name/nm2137633/",
         "characterImageThumb": "https://ia.media-imdb.com/images/M/MV5BMTkxOTcyNTQzOV5BMl5BanBnXkFtZTcwNTcwMjE2Nw@@._V1._SX100_SY140_.jpg",
         "characterImageFull": "https://ia.media-imdb.com/images/M/MV5BMTkxOTcyNTQzOV5BMl5BanBnXkFtZTcwNTcwMjE2Nw@@._V1.jpg"
      },
      {
         "characterName": "Ted Wheeler",
         "characterLink": "/title/tt4574334/characters/nm0159609",
         "actorName": "Joe Chrest",
         "actorLink": "/name/nm0159609/",
         "characterImageThumb": "https://ia.media-imdb.com/images/M/MV5BMTQ0OTQ4NDQ5M15BMl5BanBnXkFtZTgwMzU5ODY3NTE@._V1._SX100_SY140_.jpg",
         "characterImageFull": "https://ia.media-imdb.com/images/M/MV5BMTQ0OTQ4NDQ5M15BMl5BanBnXkFtZTgwMzU5ODY3NTE@._V1.jpg",
         "parentOf": [
            "Nancy Wheeler",
            "Mike Wheeler",
            "Holly Wheeler"
         ],
         "marriedEngaged": [
            "Karen Wheeler"
         ]
      },
      {
         "characterName": "Teen in Lunchroom",
         "credited": false,
         "actorName": "Mikey Evgen",
         "actorLink": "/name/nm8365735/"
      },
      {
         "characterName": "Terry Ives",
         "characterLink": "/title/tt4574334/characters/nm1190429",
         "actorName": "Aimee Mullins",
         "actorLink": "/name/nm1190429/",
         "characterImageThumb": "https://ia.media-imdb.com/images/M/MV5BMTkzNjQyMzMwMF5BMl5BanBnXkFtZTgwMjUwODcyMDE@._V1._SX100_SY140_.jpg",
         "characterImageFull": "https://ia.media-imdb.com/images/M/MV5BMTkzNjQyMzMwMF5BMl5BanBnXkFtZTgwMjUwODcyMDE@._V1.jpg",
         "parentOf": [
            "Eleven"
         ],
         "siblings": [
            "Becky Ives"
         ]
      },
      {
         "characterName": "Test Pilot Shepard",
         "actorName": "Christopher Cody Robinson",
         "actorLink": "/name/nm8186096/"
      },
      {
         "characterName": "Test Subject",
         "actorName": "Jason Davis",
         "actorLink": "/name/nm1151921/",
         "characterImageThumb": "https://ia.media-imdb.com/images/M/MV5BOTIzNzQ3MzY5M15BMl5BanBnXkFtZTgwNjYwMzI0NDE@._V1._SX100_SY140_.jpg",
         "characterImageFull": "https://ia.media-imdb.com/images/M/MV5BOTIzNzQ3MzY5M15BMl5BanBnXkFtZTgwNjYwMzI0NDE@._V1.jpg"
      },
      {
         "characterName": "The Mind Flayer",
         "characterNameAlt": [
            "The Shadow Monster"
         ]
      },
      {
         "characterName": "The Monster",
         "characterNameAlt": [
            "Demogorgon"
         ],
         "characterLink": "/title/tt4574334/characters/nm0825209",
         "actorName": "Mark Steger",
         "actorLink": "/name/nm0825209/",
         "characterImageThumb": "https://ia.media-imdb.com/images/M/MV5BMjMxNjIwMTcwNl5BMl5BanBnXkFtZTgwMjQ5MjE5NTE@._V1._SX100_SY140_.jpg",
         "characterImageFull": "https://ia.media-imdb.com/images/M/MV5BMjMxNjIwMTcwNl5BMl5BanBnXkFtZTgwMjQ5MjE5NTE@._V1.jpg",
         "killedBy":[
            "Eleven"
         ],
         "killed":[
            "Barbara Holland"
         ]
      },
      {
         "characterName": "Tina",
         "characterLink": "/title/tt4574334/characters/nm3218692",
         "actorName": "Madelyn Cline",
         "actorLink": "/name/nm3218692/",
         "characterImageThumb": "https://ia.media-imdb.com/images/M/MV5BY2MyNGE1NDQtZDU5Ni00ZGQyLTgzOTQtOTA0ZTQ1N2IzMDM4XkEyXkFqcGdeQXVyMjA0MjY3MzI@._V1._SX100_SY140_.jpg",
         "characterImageFull": "https://ia.media-imdb.com/images/M/MV5BY2MyNGE1NDQtZDU5Ni00ZGQyLTgzOTQtOTA0ZTQ1N2IzMDM4XkEyXkFqcGdeQXVyMjA0MjY3MzI@._V1.jpg"
      },
      {
         "characterName": "Tommy H.",
         "characterLink": "/title/tt4574334/characters/nm4231366",
         "actorName": "Chester Rushing",
         "actorLink": "/name/nm4231366/",
         "characterImageThumb": "https://ia.media-imdb.com/images/M/MV5BYzY1MWZmMWEtYzZmNC00NzViLWFhMWQtNjNmODI5YmZhNjRmXkEyXkFqcGdeQXVyMjQ2MjQ1OTM@._V1._SX100_SY140_.jpg",
         "characterImageFull": "https://ia.media-imdb.com/images/M/MV5BYzY1MWZmMWEtYzZmNC00NzViLWFhMWQtNjNmODI5YmZhNjRmXkEyXkFqcGdeQXVyMjQ2MjQ1OTM@._V1.jpg"
      },
      {
         "characterName": "Townspeople",
         "credited": false,
         "actorName": "Marisol Correa",
         "actorLink": "/name/nm6082959/",
         "characterImageThumb": "https://ia.media-imdb.com/images/M/MV5BMTc0Nzk3NzM3M15BMl5BanBnXkFtZTgwNzk1MzgyNDE@._V1._SX100_SY140_.jpg",
         "characterImageFull": "https://ia.media-imdb.com/images/M/MV5BMTc0Nzk3NzM3M15BMl5BanBnXkFtZTgwNzk1MzgyNDE@._V1.jpg"
      },
      {
         "characterName": "Townsperson",
         "credited": false,
         "actorName": "Jim Heard",
         "actorLink": "/name/nm7168982/"
      },
      {
         "characterName": "Townsperson",
         "credited": false,
         "actorName": "Diamond Wilson",
         "actorLink": "/name/nm8863364/"
      },
      {
         "characterName": "Troy",
         "characterLink": "/title/tt4574334/characters/nm6880820",
         "actorName": "Peyton Wich",
         "actorLink": "/name/nm6880820/",
         "characterImageThumb": "https://ia.media-imdb.com/images/M/MV5BYmRmZjRlOTUtZDcyZC00MDJjLWI5ZWUtMTMyOGQzODc0OWU2XkEyXkFqcGdeQXVyNTYxNjg2Mzc@._V1._SX100_SY140_.jpg",
         "characterImageFull": "https://ia.media-imdb.com/images/M/MV5BYmRmZjRlOTUtZDcyZC00MDJjLWI5ZWUtMTMyOGQzODc0OWU2XkEyXkFqcGdeQXVyNTYxNjg2Mzc@._V1.jpg"
      },
      {
         "characterName": "Troy's Mom",
         "actorName": "Amy Parrish",
         "actorLink": "/name/nm0663511/",
         "characterImageThumb": "https://ia.media-imdb.com/images/M/MV5BNGUyZDFiODctNGExNi00MzU3LWJmODQtYjBiYjM0MjIwMTYyXkEyXkFqcGdeQXVyNjMxMjE2Ng@@._V1._SX100_SY140_.jpg",
         "characterImageFull": "https://ia.media-imdb.com/images/M/MV5BNGUyZDFiODctNGExNi00MzU3LWJmODQtYjBiYjM0MjIwMTYyXkEyXkFqcGdeQXVyNjMxMjE2Ng@@._V1.jpg"
      },
      {
         "characterName": "TV Reporter",
         "actorName": "Orelon Sidney",
         "actorLink": "/name/nm4674912/"
      },
      {
         "characterName": "TV Reporter",
         "actorName": "Ricardo Miguel Young",
         "actorLink": "/name/nm0949984/"
      },
      {
         "characterName": "Vicki",
         "characterLink": "/title/tt4574334/characters/nm6792464",
         "actorName": "Abigail F. Cowen",
         "actorLink": "/name/nm6792464/",
         "characterImageThumb": "https://ia.media-imdb.com/images/M/MV5BZTczNmNmMzAtZThkNi00MDg5LTg1YTMtMzE4MjIzOTJlYmQ1L2ltYWdlXkEyXkFqcGdeQXVyNTUzNDcxMTM@._V1._SX100_SY140_.jpg",
         "characterImageFull": "https://ia.media-imdb.com/images/M/MV5BZTczNmNmMzAtZThkNi00MDg5LTg1YTMtMzE4MjIzOTJlYmQ1L2ltYWdlXkEyXkFqcGdeQXVyNTUzNDcxMTM@._V1.jpg"
      },
      {
         "characterName": "Werewolf",
         "actorName": "Sam Ashby",
         "actorLink": "/name/nm9374902/",
         "characterImageThumb": "https://ia.media-imdb.com/images/M/MV5BNTdlMjhjNjUtNmU2YS00MjI0LWFmNTAtMmYyNzllNzQ0NDI1XkEyXkFqcGdeQXVyODEwNDk3NTY@._V1._SX100_SY140_.jpg",
         "characterImageFull": "https://ia.media-imdb.com/images/M/MV5BNTdlMjhjNjUtNmU2YS00MjI0LWFmNTAtMmYyNzllNzQ0NDI1XkEyXkFqcGdeQXVyODEwNDk3NTY@._V1.jpg"
      },
      {
         "characterName": "Will Byers",
         "characterLink": "/title/tt4574334/characters/nm6907855",
         "actorName": "Noah Schnapp",
         "actorLink": "/name/nm6907855/",
         "characterImageThumb": "https://ia.media-imdb.com/images/M/MV5BMThjZDM2NjYtOTdkOC00OTFjLWE1YWYtODgxZWVkOTE3YjIxXkEyXkFqcGdeQXVyNTY0NDQwODU@._V1._SX100_SY140_.jpg",
         "characterImageFull": "https://ia.media-imdb.com/images/M/MV5BMThjZDM2NjYtOTdkOC00OTFjLWE1YWYtODgxZWVkOTE3YjIxXkEyXkFqcGdeQXVyNTY0NDQwODU@._V1.jpg",
         "siblings": [
            "Jonathan Byers"
         ],
         "parents": [
            "Joyce Byers",
            "Lonnie Byers"
         ]
      },
      {
         "characterName": "Young Girl (Swingset)",
         "characterLink": "/title/tt4574334/characters/nm9374999",
         "actorName": "Harper Cavanaugh",
         "actorLink": "/name/nm9374999/",
         "parents": [
            "Mother (Swingset)"
         ]
      },
      {
         "characterName": "Young Kali",
         "actorName": "Vanathi Parthiban",
         "actorLink": "/name/nm6342663/"
      }
   ]
}