{
	"regions": [
		{
			"location": "Big City",
			"subLocation": [
				"Hospital",
				"Park"
			]
		},
		{
			"location": "Chicago, Illinois",
			"subLocation": [
				"Kali's Hideout",
				"Alley",
				"Chicago Streets",
				"Bus Station"
			]
		},
		{
			"location": "outside Chicago, Illinois",
			"subLocation": [
				"Road",
				"Oscar's Gas n' Go",
				"Ray's Apartment",
				"Bus"
			]
		},
		{
			"location": "Pittsburgh, Pennsylvania",
			"subLocation": [
				"Alley",
				"Back Street",
				"Main Street",
				"Poplar Street",
				"Seventh Street",
				"Tunnel"
			]
		},
		{
			"location": "Sesser, Illinois",
			"subLocation": [
				"Bauman Home"
			]
		},
		{
			"location": "to Sesser, Illinois",
			"subLocation": [
				"Motel"
			]
		},
		{
			"location": "Indianapolis, Indiana",
			"subLocation": [
				"Lonnie's Home"
			]
		},
		{
			"location": "515 Larrabee Road, Indiana",
			"subLocation": [
				"Ives Home"
			]
		},
		{
			"location": "Hawkins, Indiana",
			"subLocation": [
				"Leaving Hawkins",
				"Hopper Cabin",
				"Junkyard",
				"Woods - Railroad Tracks",
				"Hopper Home",
				"Underground",
				"Eugene's Farm",
				"Farm",
				"Merrill's Farm",
				"Quarry",
				"Fair Mart",
				"Hideaway",
				"Cemetery",
				"Park",
				"Clarke Home",
				"Hargrove Home",
				"Funeral Home",
				"Road",
				"Holland Home",
				"Henderson Home",
				"Ives Home",
				"Loch Nora",
				"Party Home",
				"Sinclair Home",
				"Steve's Car",
				"Wheeler Home",
				"Neighborhood",
				"Hospital",
				"Hunting Store",
				"Roane County Coroner",
				"Grocery Store",
				"Radio Shack",
				"Arcade",
				"Melvald's General Store",
				"Downtown Hawkins",
				"Police Station",
				"Hawkins High School",
				"Hawkins Library",
				"Hawkins Middle School",
				"Barb's Car",
				"Harrington Home",
				"Benny's Burgers",
				"Castle Byers",
				"Byers Home",
				"Woods",
				"Woods Outside Hawkins National Lab",
				"Hawkins National Lab"
			]
		},
		{
			"location": "Upside Down",
			"subLocation": [
				"Byers Home",
				"Castle Byers",
				"Harrington Home",
				"Woods",
				"Hawkins Library",
				"Downtown Hawkins",
				"Hawkins Middle School"
			]
		}
	]
}